date,modal_price,min_price,max_price,rainfall_mm,avg_temp_c,avg_humidity_pct,rainfall_4wk_ma,MSP,diesel_price,fertilizer_price_index,export_ban,MSP_pct_change,diesel_pct_change,fertilizer_pct_change,MSP_4wk_ma,diesel_4wk_ma,fertilizer_4wk_ma
2014-12-30,32.8,30,36,1.5000001,25.1778735,82.49928499999999,,1410.0,54.82,99.66,0.0,,,,,,
2015-01-06,32.69,30,36,3.0,25.736057428571428,81.11608271428572,,1410.0,55.86,99.75,0.0,0.0,1.8971178402042987,0.0903070439494335,,,
2015-01-13,31.33,30,36,0.2,25.542905,77.38274642857142,,1410.0,55.58,99.76,0.0,0.0,-0.5012531328320802,0.0100250626566378,,,
2015-01-20,34.41,30,36,4.60000005,26.53546557142857,77.37105257142856,2.3250000375,1410.0,55.62,100.41,0.0,0.0,0.071968333933059,0.6515637530072116,1410.0,55.47,99.895
2015-01-27,32.88,30,36,0.1,26.90927442857143,75.03164285714286,1.9750000125,1410.0,54.13,100.17,0.0,0.0,-2.678892484717721,-0.2390200179264945,1410.0,55.2975,100.0225
2015-02-03,30.56,30,36,0.5,27.52058242857143,72.27333285714285,1.3500000125,1410.0,55.72,100.64,0.0,0.0,2.937372990947717,0.4692023559948133,1410.0,55.2625,100.245
2015-02-10,35.61,30,36,2.50000005,27.476238,73.67647571428571,1.925000025,1410.0,55.92,100.22,0.0,0.0,0.3589375448671994,-0.4173290937996787,1410.0,55.3475,100.36
2015-02-17,31.55,30,36,1.80000005,27.358678142857144,73.78244857142856,1.225000025,1410.0,55.67,100.41,0.0,0.0,-0.447067238912735,0.1895829175813101,1410.0,55.36,100.36
2015-02-24,30.82,30,36,2.29999995,27.426833285714284,71.37606628571429,1.7750000125,1410.0,56.27,100.26,0.0,0.0,1.0777797736662542,-0.1493875112040577,1410.0,55.895,100.3825
2015-03-03,31.82,30,36,20.0999991,27.477725714285715,78.01575271428571,6.674999787499999,1410.0,56.57,100.72,0.0,0.0,0.5331437711036058,0.4588071015360073,1410.0,56.1075,100.4025
2015-03-10,35.51,30,36,17.29999954,27.508976285714287,78.21541,10.37499966,1410.0,55.34,100.01,0.0,0.0,-2.174297330740671,-0.7049245432883211,1410.0,55.9625,100.35
2015-03-17,34.72,30,36,14.9,27.87266728571429,78.43857714285714,13.6499996475,1410.0,54.74,100.04,0.0,0.0,-1.084206722081682,0.0299970002999749,1410.0,55.73,100.2575
2015-03-24,34.24,30,36,2.9000001,29.126237857142858,71.76171857142857,13.799999685,1410.0,54.97,99.75,0.0,0.0,0.4201680672268892,-0.28988404638145,1410.0,55.405,100.13
2015-03-31,34.88,30,36,36.6000018,28.45242942857143,77.476178,17.92500036,1410.0,53.96,100.33,0.0,0.0,-1.8373658359104983,0.5814536340852161,1410.0,54.752500000000005,100.0325
2015-04-07,33.93,30,36,31.3000001,28.281594428571427,81.00387357142857,21.4250005,1410.0,55.83,99.97,0.0,0.0,3.465530022238683,-0.3588159075052277,1410.0,54.875,100.0225
2015-04-14,31.53,30,36,74.5999985,26.79469028571429,86.42247414285714,36.350000125,1410.0,55.73,99.72,0.0,0.0,-0.1791151710549887,-0.2500750225067571,1410.0,55.1225,99.9425
2015-04-21,32.58,30,36,83.0000003,27.108679,85.95999428571429,56.375000175,1410.0,55.06,100.58,0.0,0.0,-1.202225013457736,0.8624147613317312,1410.0,55.145,100.15
2015-04-28,31.3,30,36,32.6999999,27.59201257142857,84.68107871428572,55.3999997,1410.0,54.58,99.75,0.0,0.0,-0.8717762440973553,-0.8252137601908904,1410.0,55.3,100.005
2015-05-05,32.55,30,36,66.700003,27.640226428571427,84.88211428571428,64.250000425,1410.0,54.01,100.18,0.0,0.0,-1.0443385855624765,0.4310776942356042,1410.0,54.845,100.0575
2015-05-12,32.5,30,36,128.3999997,26.352727,91.98193157142858,77.700000725,1410.0,53.83,100.23,0.0,0.0,-0.3332716163673366,0.0499101617089214,1410.0,54.37,100.185
2015-05-19,32.39,30,36,105.3999964,26.46314271428572,91.57990028571427,83.29999975,1410.0,56.04,100.18,0.0,0.0,4.105517369496559,-0.0498852638930458,1410.0,54.615,100.085
2015-05-26,31.03,30,36,60.2,27.625642142857146,86.55764842857143,90.174999775,1410.0,56.15,100.38,0.0,0.0,0.1962883654532454,0.1996406468356859,1410.0,55.0075,100.2425
2015-06-02,33.37,30,36,101.5000028,26.529809,90.29162571428571,98.874999725,1410.0,53.92,100.57,0.0,0.0,-3.971504897595723,0.1892807332137813,1410.0,54.985,100.34
2015-06-09,35.69,30,36,125.400002,26.336060142857143,89.23042785714286,98.1250003,1410.0,55.11,100.35,0.0,0.0,2.2069732937685327,-0.2187531072884496,1410.0,55.305,100.37
2015-06-16,34.22,30,36,113.9,25.56671342857143,91.67338071428571,100.2500012,1410.0,53.91,100.3,0.0,0.0,-2.177463255307577,-0.0498256103637295,1410.0,54.7725,100.4
2015-06-23,35.58,30,36,95.599998,26.073856857142857,91.93740171428573,109.1000007,1410.0,55.12,99.95,0.0,0.0,2.2444815433129373,-0.3489531405782564,1410.0,54.515,100.2925
2015-06-30,30.51,30,36,62.0999987,25.89647557142857,90.49113014285714,99.249999675,1410.0,54.5,100.56,0.0,0.0,-1.1248185776487565,0.6103051525762959,1410.0,54.66,100.29
2015-07-07,35.61,30,36,81.9000039,26.30123785714286,87.62746885714286,88.37500015,1410.0,55.3,99.82,0.0,0.0,1.4678899082568808,-0.7358790771678669,1410.0,54.7075,100.1575
2015-07-14,35.93,30,36,96.5000029,25.39409528571429,91.47717914285714,84.025000875,1410.0,56.19,99.95,0.0,0.0,1.6094032549728745,0.1302344219595408,1410.0,55.2775,100.07
2015-07-21,35.07,30,36,213.199992,24.560762714285715,94.70470371428571,113.424999375,1410.0,55.78,99.94,0.0,0.0,-0.7296672005694949,-0.0100050025012565,1410.0,55.4425,100.0675
2015-07-28,34.33,30,36,67.9999944,25.78427357142857,87.96533771428572,114.8999983,1410.0,56.01,99.64,0.0,0.0,0.4123341699533878,-0.3001801080648403,1410.0,55.81999999999999,99.8375
2015-08-04,33.39,30,36,108.8999944,25.29826242857143,90.61423485714286,121.649995925,1410.0,53.98,99.85,0.0,0.0,-3.624352794143904,0.2107587314331471,1410.0,55.49,99.845
2015-08-11,32.29,30,36,74.3000029,25.66224957142857,89.75766228571429,116.099995925,1410.0,54.61,99.61,0.0,0.0,1.1670989255279762,-0.240360540811213,1410.0,55.095,99.76
2015-08-18,34.17,30,36,69.4,26.31403614285714,87.24213685714287,80.14999792500001,1410.0,54.51,99.97,0.0,0.0,-0.1831166453030608,0.3614094970384451,1410.0,54.7775,99.7675
2015-08-25,34.36,30,36,41.6999989,25.92385742857143,88.29015000000001,73.57499905,1410.0,55.52,100.27,0.0,0.0,1.8528710328380216,0.3000900270081041,1410.0,54.655,99.925
2015-09-01,32.75,30,36,21.199999400000003,26.758083285714285,85.74540371428573,51.6500003,1410.0,55.28,99.74,0.0,0.0,-0.4322766570605263,-0.5285728532961054,1410.0,54.98,99.8975
2015-09-08,33.54,30,36,104.299998,25.196178428571425,92.99798071428572,59.149999075,1410.0,54.6,100.33,0.0,0.0,-1.230101302460207,0.5915379987968761,1410.0,54.9775,100.0775
2015-09-15,30.16,30,36,81.7999999,25.926236285714285,89.63243571428572,62.24999905,1410.0,56.03,99.7,0.0,0.0,2.6190476190476097,-0.6279278381341569,1410.0,55.3575,100.01
2015-09-22,34.66,30,36,60.2999995,26.18605942857143,88.34371928571429,66.8999992,1410.0,53.52,99.66,0.0,0.0,-4.479742994824198,-0.0401203610832512,1410.0,54.8575,99.8575
2015-09-29,34.41,30,36,100.5999976,25.806893,91.07556642857142,86.74999875,1410.0,56.16,100.51,0.0,0.0,4.932735426008961,0.8528998595223936,1410.0,55.0775,100.05
2015-10-06,35.08,30,36,119.899999,25.591118857142856,92.51717571428571,90.649999,1410.0,53.15,100.1,0.0,0.0,-5.359686609686609,-0.4079196099890714,1410.0,54.715,99.9925
2015-10-13,35.64,30,36,87.8999987,26.27862,89.12359142857143,92.1749987,1410.0,54.65,100.13,0.0,0.0,2.822201317027284,0.0299700299700278,1410.0,54.370000000000005,100.1
2015-10-20,34.52,30,36,25.4000014,26.692310142857146,87.992905,83.449999175,1410.0,55.82,99.76,0.0,0.0,2.140896614821597,-0.3695196244881571,1410.0,54.945,100.125
2015-10-27,32.78,30,36,54.9000002,26.28040542857143,88.17103014285715,72.02499982500001,1410.0,55.77,100.36,0.0,0.0,-0.089573629523465,0.601443464314344,1410.0,54.8475,100.0875
2015-11-03,35.67,30,36,144.80001099999998,25.657785142857144,90.97558142857145,78.250002825,1410.0,54.83,100.12,0.0,0.0,-1.6854939931863044,-0.2391390992427244,1410.0,55.2675,100.0925
2015-11-10,31.46,30,36,154.70002064,25.716416428571428,88.80622285714286,94.95000831,1410.0,55.47,99.98,0.0,0.0,1.1672442093744406,-0.1398322013583697,1410.0,55.4725,100.055
2015-11-17,32.19,30,36,51.1999957,25.652727142857145,88.49246785714286,101.400006885,1410.0,55.38,100.86,0.0,0.0,-0.1622498647917747,0.8801760352070476,1410.0,55.3625,100.33
2015-11-24,30.2,30,36,39.299997000000005,26.41730957142857,87.87393142857142,97.50000608499998,1410.0,54.83,99.91,0.0,0.0,-0.9931383170819874,-0.9418996628990706,1410.0,55.127500000000005,100.2175
2015-12-01,31.33,30,36,40.5,26.208977285714287,88.63247428571428,71.425003335,1410.0,56.01,99.99,0.0,0.0,2.152106511034102,0.0800720648583608,1410.0,55.4225,100.185
2015-12-08,35.33,30,36,58.2999988,26.08397571428572,90.75945514285716,47.324997875,1410.0,54.18,100.23,0.0,0.0,-3.2672737011247954,0.2400240024002409,1410.0,55.1,100.2475
2015-12-15,33.93,30,36,38.50000004,26.032488142857144,89.09819300000001,44.149998960000005,1410.0,54.11,99.8,0.0,0.0,-0.1291989664082726,-0.4290132694802051,1410.0,54.7825,99.9825
2015-12-22,34.2,30,36,0.9,26.300345714285715,83.093152,34.549999709999994,1410.0,53.36,100.43,0.0,0.0,-1.3860654222879298,0.6312625250501025,1410.0,54.415,100.1125
2015-12-29,35.08,33,36,0.0,26.653619,78.186048,24.42499971,1410.0,54.78,99.97,0.0,0.0,2.6611694152923526,-0.4580304689833836,1410.0,54.1075,100.10750000000002
2016-01-05,34.36,33,36,0.0,26.109570285714284,73.9948177142857,9.85000001,1410.0,59.05,101.57,0.0,0.0,7.794815626140927,1.6004801440432148,1410.0,55.325,100.4425
2016-01-12,34.66,33,36,0.1,26.71671342857143,77.40969085714286,0.25,1410.0,59.18,100.88,0.0,0.0,0.2201524132091403,-0.6793344491483722,1410.0,56.5925,100.7125
2016-01-19,35.39,33,36,3.6,27.108381285714284,77.04273228571428,0.925,1410.0,60.06,101.15,0.0,0.0,1.486988847583648,0.2676447264076342,1410.0,58.2675,100.8925
2016-01-26,33.27,33,36,1.90000005,27.744095428571427,77.08971642857144,1.4000000125,1410.0,59.11,101.61,0.0,0.0,-1.5817515817515893,0.4547701433514461,1410.0,59.35,101.3025
2016-02-02,35.19,33,36,0.0,26.745581285714284,71.13148057142857,1.4000000125,1410.0,59.64,101.81,0.0,0.0,0.8966333953645655,0.1968310205688439,1410.0,59.4975,101.3625
2016-02-09,35.34,33,36,5.8999999,27.665523428571426,76.07022371428572,2.8499999875000004,1410.0,58.22,101.76,0.0,0.0,-2.380952380952384,-0.0491110892839596,1410.0,59.2575,101.5825
2016-02-16,35.9,33,36,1.8,28.467310857142856,74.28923057142856,2.3999999875,1410.0,59.39,101.47,0.0,0.0,2.00961868773617,-0.2849842767295607,1410.0,59.09,101.6625
2016-02-23,35.33,33,36,3.20000004,28.940226857142857,73.90900928571429,2.724999985,1410.0,59.96,101.51,0.0,0.0,0.9597575349385324,0.0394205183798179,1410.0,59.3025,101.6375
2016-03-01,34.59,33,36,1.3,29.18367842857143,71.60885985714286,3.049999985,1410.0,59.69,101.74,0.0,0.0,-0.4503002001334244,0.2265786622007493,1410.0,59.315,101.62
2016-03-08,33.12,33,36,3.70000005,29.18010671428572,72.99154057142857,2.5000000225,1410.0,60.01,101.53,0.0,0.0,0.5361031998659671,-0.2064084922350995,1410.0,59.7625,101.5625
2016-03-15,33.57,33,36,6.80000025,29.571773,72.96027457142857,3.750000085,1410.0,59.15,101.02,0.0,0.0,-1.4330944842526283,-0.5023145868216394,1410.0,59.7025,101.45
2016-03-22,33.11,33,36,10.7999998,29.678917,75.38783714285715,5.650000025,1410.0,59.06,101.94,0.0,0.0,-0.1521555367709148,0.9107107503464772,1410.0,59.4775,101.5575
2016-03-29,34.58,33,36,10.1999999,29.587249142857143,73.58339128571428,7.875,1410.0,60.57,101.38,0.0,0.0,2.556721977649845,-0.5493427506376269,1410.0,59.697500000000005,101.4675
2016-04-05,33.23,33,36,13.4000003,29.66314285714285,74.91244571428571,10.3000000625,1410.0,59.0,101.33,0.0,0.0,-2.592042265147765,-0.0493193923850832,1410.0,59.44500000000001,101.4175
2016-04-12,34.49,33,36,19.50000054,29.72236742857143,76.15431571428572,13.475000135000002,1410.0,59.02,101.76,0.0,0.0,0.0338983050847563,0.4243560643442334,1410.0,59.4125,101.6025
2016-04-19,34.1,33,36,16.3000002,29.522965285714285,78.03833499999999,14.850000235,1410.0,58.7,101.09,0.0,0.0,-0.5421890884446001,-0.6584119496855334,1410.0,59.322500000000005,101.39
2016-04-26,34.36,33,36,8.0000001,30.423263428571428,72.82613371428572,14.300000285,1410.0,59.07,101.52,0.0,0.0,0.6303236797274181,0.4253635374418696,1410.0,58.947500000000005,101.425
2016-05-03,33.68,33,36,23.599999,29.551238,77.672278,16.849999959999998,1410.0,59.84,101.94,0.0,0.0,1.3035381750465591,0.4137115839243588,1410.0,59.157500000000006,101.5775
2016-05-10,35.0,33,36,72.00000209999999,28.285166285714286,85.01964214285714,29.975000349999995,1410.0,59.85,101.66,0.0,0.0,0.016711229946531,-0.2746713753188134,1410.0,59.365,101.5525
2016-05-17,35.21,33,36,127.300005,26.589928714285715,93.051048,57.72500155,1410.0,58.81,101.12,0.0,0.0,-1.7376775271512046,-0.5311823726145914,1410.0,59.3925,101.56
2016-05-24,33.63,33,36,73.4000029,27.592013142857144,89.02490342857142,74.07500225,1410.0,60.13,101.46,0.0,0.0,2.244516238734917,0.3362341772151778,1410.0,59.6575,101.545
2016-05-31,35.93,33,36,184.300008,25.80242928571429,94.233484,114.2500045,1470.0,59.66,101.23,0.0,4.255319148936176,-0.7816397804756514,-0.2266903213088755,1425.0,59.6125,101.3675
2016-06-07,35.34,33,36,170.89999799999998,25.791118,93.89931,138.975003475,1470.0,59.31,101.43,0.0,0.0,-0.5866577271203433,0.1975698903487144,1440.0,59.477500000000006,101.31
2016-06-14,34.84,33,36,102.5999973,25.98099985714285,90.96597714285714,132.80000155,1470.0,58.6,101.78,0.0,0.0,-1.197099983139438,0.3450655624568588,1455.0,59.425,101.475
2016-06-21,34.65,33,36,171.799996,24.633677,94.78221442857144,157.399999825,1470.0,58.69,101.16,0.0,0.0,0.1535836177474436,-0.6091570053055606,1470.0,59.065,101.4
2016-06-28,35.61,33,36,108.3999935,25.387844285714287,92.55354514285716,138.4249962,1470.0,57.99,101.37,0.0,0.0,-1.1927074459021858,0.2075919335705833,1470.0,58.64750000000001,101.435
2016-07-05,35.15,33,36,101.8999999,25.94915485714285,90.0733632857143,121.174996675,1470.0,59.46,102.23,0.0,0.0,2.534919813760994,0.848377231922659,1470.0,58.685,101.635
2016-07-12,33.63,33,36,94.2000036,25.38100042857143,90.83833785714286,119.07499825,1470.0,59.07,101.44,0.0,0.0,-0.6559031281533789,-0.7727672894453752,1470.0,58.8025,101.55
2016-07-19,35.85,33,36,63.7000054,25.40659557142857,88.55028085714285,92.0500006,1470.0,58.63,101.46,0.0,0.0,-0.7448789571694592,0.01971608832807,1470.0,58.7875,101.625
2016-07-26,35.1,33,36,187.299993,24.957189142857143,91.93835485714284,111.775000475,1470.0,58.9,101.7,0.0,0.0,0.4605150946614289,0.2365464222353619,1470.0,59.015,101.7075
2016-08-02,34.68,33,36,49.5999964,25.571179142857144,88.55372299999999,98.6999996,1470.0,60.06,101.56,0.0,0.0,1.9694397283531504,-0.1376597836774795,1470.0,59.165000000000006,101.54
2016-08-09,33.13,33,36,41.2000005,25.967606714285715,86.85815928571428,85.449998825,1470.0,57.81,101.45,0.0,0.0,-3.746253746253747,-0.1083103584088251,1470.0,58.85000000000001,101.5425
2016-08-16,33.32,33,36,54.399999,25.53873771428572,88.28221171428572,83.12499722499999,1470.0,59.91,101.36,0.0,0.0,3.632589517384521,-0.0887136520453468,1470.0,59.17,101.5175
2016-08-23,34.61,33,36,59.4999936,25.580701428571427,88.65039142857142,51.174997375,1470.0,59.23,101.57,0.0,0.0,-1.135035887164082,0.2071823204419898,1470.0,59.252500000000005,101.485
2016-08-30,35.96,33,36,124.2000076,24.956000142857143,91.90616857142857,69.825000175,1470.0,57.76,101.88,0.0,0.0,-2.4818504136417285,0.3052082307767989,1470.0,58.6775,101.565
2016-09-06,35.05,33,36,26.4999987,25.411952857142857,88.22457657142857,66.149999725,1470.0,57.9,101.29,0.0,0.0,0.2423822714681556,-0.5791126815861691,1470.0,58.7,101.525
2016-09-13,34.8,33,36,60.699999000000005,25.505702000000003,89.35154228571427,67.724999725,1470.0,59.25,101.43,0.0,0.0,2.3316062176165886,0.1382170006910765,1470.0,58.535,101.5425
2016-09-20,35.22,33,36,55.5000019,25.561060285714287,88.62431442857142,66.7250018,1470.0,60.36,101.45,0.0,0.0,1.8734177215189884,0.0197180321403811,1470.0,58.8175,101.5125
2016-09-27,33.02,33,36,58.7999992,25.59409514285714,89.04711842857144,50.3749997,1470.0,59.94,101.26,0.0,0.0,-0.6958250497017926,-0.1872843765401644,1470.0,59.3625,101.35750000000002
2016-10-04,35.68,33,36,9.9000005,25.92445228571429,85.11228714285714,46.22500015000001,1470.0,59.51,101.28,0.0,0.0,-0.7173840507173845,0.0197511356903046,1470.0,59.765,101.355
2016-10-11,35.36,33,36,70.20000544999999,25.77266714285714,87.25263714285714,48.6000017625,1470.0,59.14,101.53,0.0,0.0,-0.621744244664757,0.2468404423380699,1470.0,59.7375,101.38
2016-10-18,33.01,33,36,54.5999998,25.89915357142857,89.634977,48.3750012375,1470.0,59.53,102.06,0.0,0.0,0.6594521474467374,0.5220131980695264,1470.0,59.53,101.5325
2016-10-25,35.82,33,36,28.59999894,25.62802442857143,88.54189785714286,40.8250011725,1470.0,57.98,101.53,0.0,0.0,-2.603729212161942,-0.5193023711542288,1470.0,59.04,101.6
2016-11-01,34.72,33,36,87.6000029,25.519093857142856,90.96469157142856,60.2500017725,1470.0,58.21,101.17,0.0,0.0,0.396688513280452,-0.3545750024623206,1470.0,58.715,101.5725
2016-11-08,35.43,33,36,3.10000014,26.40778542857143,83.23843428571429,43.475000445,1470.0,57.97,101.47,0.0,0.0,-0.4123002920460417,0.2965305920727523,1470.0,58.4225,101.5575
2016-11-15,33.21,33,36,17.9,26.439035142857144,87.05194342857143,34.300000495000006,1470.0,59.31,101.28,0.0,0.0,2.3115404519579164,-0.1872474623041298,1470.0,58.3675,101.3625
2016-11-22,33.58,33,36,2.5999999,26.413143,85.27949214285715,27.800000735,1470.0,58.37,101.79,0.0,0.0,-1.5848929354240535,0.5035545023696741,1470.0,58.465,101.4275
2016-11-29,35.26,33,36,9.9000001,25.764333285714287,83.58352428571428,8.375000035,1470.0,58.53,101.91,0.0,0.0,0.2741134144252255,0.1178897730621741,1470.0,58.545,101.6125
2016-12-06,33.65,33,36,9.5999997,26.10183342857143,84.44478585714286,9.999999925,1470.0,58.59,101.6,0.0,0.0,0.1025115325474113,-0.3041899715435225,1470.0,58.7,101.645
2016-12-13,34.45,33,36,4.9000002,26.072964142857145,80.80679857142857,6.749999975,1470.0,59.09,101.25,0.0,0.0,0.8533879501621433,-0.3444881889763773,1470.0,58.645,101.6375
2016-12-20,33.02,33,36,1.0,26.93635771428572,80.39515342857143,6.35,1470.0,57.87,100.97,0.0,0.0,-2.0646471484176754,-0.2765432098765452,1470.0,58.52,101.4325
2016-12-27,52.4,48,55,0.2,26.95480985714286,76.79992,3.924999975,1470.0,59.81,101.08,0.0,0.0,3.3523414549853303,0.108943250470439,1470.0,58.84,101.225
2017-01-03,49.33,48,55,1.4,26.119593857142856,78.17363985714285,1.87500005,1470.0,62.93,102.53,0.0,0.0,5.216518976759743,1.4345073209339088,1470.0,59.925,101.4575
2017-01-10,52.63,48,55,6.1999999,26.07892957142857,78.22128285714287,2.199999975,1470.0,63.7,101.45,0.0,0.0,1.2235817575083408,-1.0533502389544536,1470.0,61.0775,101.5075
2017-01-17,48.5,48,55,1.9,26.195595285714287,71.90985642857143,2.424999975,1470.0,62.82,102.11,0.0,0.0,-1.3814756671899575,0.65056678166584,1470.0,62.315,101.7925
2017-01-24,53.51,48,55,11.6,27.183990285714287,72.29981214285714,5.274999975,1470.0,62.49,101.53,0.0,0.0,-0.5253104106972328,-0.568014885907353,1470.0,62.985,101.905
2017-01-31,48.97,48,55,9.2000006,26.56315571428572,81.60032142857143,7.225000125,1470.0,64.38,101.86,0.0,0.0,3.024483917426779,0.3250270855904569,1470.0,63.3475,101.7375
2017-02-07,53.69,48,55,6.7000001000000005,26.190238,79.13959842857142,7.350000175000001,1470.0,64.09,101.83,0.0,0.0,-0.4504504504504347,-0.0294521892793997,1470.0,63.445,101.8325
2017-02-14,49.68,48,55,2.20000005,27.33666771428572,67.31158914285714,7.425000187500001,1470.0,63.93,102.32,0.0,0.0,-0.2496489311905159,0.4811941471079217,1470.0,63.7225,101.885
2017-02-21,50.69,48,55,1.00000005,27.076845285714285,74.92967399999999,4.7750002,1470.0,63.72,101.65,0.0,0.0,-0.3284842796809073,-0.6548084440969437,1470.0,64.03,101.915
2017-02-28,51.38,48,55,2.4000001,27.951845428571428,75.18556057142857,3.075000075,1470.0,62.09,102.37,0.0,0.0,-2.5580665411173764,0.7083128381701886,1470.0,63.4575,102.0425
2017-03-07,48.47,48,55,58.6000004,26.817918142857145,85.48727114285714,16.05000015,1470.0,64.89,101.5,0.0,0.0,4.509582863585115,-0.8498583569405138,1470.0,63.6575,101.96
2017-03-14,53.13,48,55,39.8000045,27.105119857142856,83.296647,25.4500012625,1470.0,64.35,102.5,0.0,0.0,-0.8321775312066682,0.985221674876846,1470.0,63.7625,102.005
2017-03-21,51.65,48,55,11.09999995,27.542917285714285,85.40919199999999,27.9750012375,1470.0,63.87,102.42,0.0,0.0,-0.7459207459207362,-0.0780487804878049,1470.0,63.8,102.1975
2017-03-28,54.85,48,55,12.2000002,27.782204428571426,85.16167214285714,30.4250012625,1470.0,62.08,102.08,0.0,0.0,-2.802567715672455,-0.331966412810003,1470.0,63.79749999999999,102.125
2017-04-04,52.75,48,55,21.2000002,28.111965571428573,83.47019128571428,21.0750012125,1470.0,63.03,102.13,0.0,0.0,1.5302835051546504,0.0489811912225635,1470.0,63.3325,102.2825
2017-04-11,53.63,48,55,55.7999995,28.02922585714285,85.09654928571429,25.0749999625,1470.0,63.91,102.26,0.0,0.0,1.39616055846421,0.1272887496328367,1470.0,63.2225,102.2225
2017-04-18,50.44,48,55,38.9999999,28.16970257142857,84.263585,32.04999995,1470.0,64.86,101.67,0.0,0.0,1.4864653418870333,-0.5769606884412304,1470.0,63.47,102.035
2017-04-25,54.23,48,55,23.700001,28.531308142857142,82.94393685714286,34.92500015,1470.0,63.85,102.14,0.0,0.0,-1.5572001233425836,0.4622799252483434,1470.0,63.9125,102.05
2017-05-02,50.84,48,55,49.9999999,28.020893142857144,86.20140628571428,42.125000075,1470.0,63.76,101.61,0.0,0.0,-0.1409553641346983,-0.518895633444294,1470.0,64.095,101.92
2017-05-09,52.13,48,55,77.0999981,27.67238057142857,86.02783,47.449999725,1470.0,62.94,101.75,0.0,0.0,-1.2860727728983723,0.1377817143981996,1470.0,63.852500000000006,101.7925
2017-05-16,52.25,48,55,101.3999989,27.76018,86.62173185714286,63.04999947499999,1470.0,62.62,101.57,0.0,0.0,-0.5084207181442646,-0.1769041769041801,1470.0,63.2925,101.7675
2017-05-23,52.71,48,55,121.800004,27.43130957142857,89.01601428571429,87.575000225,1470.0,63.18,101.88,0.0,0.0,0.8942829766847682,0.3052082307767989,1470.0,63.125,101.7025
2017-05-30,53.08,48,55,236.100005,26.645298285714286,89.20453057142858,134.1000015,1550.0,64.09,101.72,0.0,5.442176870748305,1.4403292181069949,-0.1570475068708221,1490.0,63.2075,101.73
2017-06-06,51.76,48,55,171.5999993,26.42744185714286,89.13222585714286,157.7250018,1550.0,62.89,101.79,0.0,0.0,-1.8723669839288528,0.0688163586315404,1510.0,63.19499999999999,101.74
2017-06-13,48.85,48,55,165.800001,26.10095357142857,90.24321357142856,173.825002325,1550.0,63.18,102.11,0.0,0.0,0.4611225950071462,0.3143727281658348,1530.0,63.335,101.875
2017-06-20,51.86,48,55,101.6000064,26.325358285714287,89.57926142857143,168.775002925,1550.0,61.98,101.64,0.0,0.0,-1.8993352326685755,-0.4602879247869951,1550.0,63.035,101.815
2017-06-27,50.19,48,55,150.400008,25.41077428571429,91.472978,147.35000367499998,1550.0,62.84,101.81,0.0,0.0,1.387544369151339,0.1672569854388017,1550.0,62.7225,101.8375
2017-07-04,48.42,48,55,106.200002,25.811965285714287,89.72329628571428,131.00000434999998,1550.0,62.72,102.54,0.0,0.0,-0.1909611712285208,0.7170219035458336,1550.0,62.68000000000001,102.025
2017-07-11,48.92,48,55,92.5000028,25.673274714285714,89.16243757142857,112.6750048,1550.0,61.98,101.78,0.0,0.0,-1.1798469387755084,-0.7411741759313473,1550.0,62.38,101.9425
2017-07-18,51.75,48,55,81.8999994,25.831310857142856,90.12699371428572,107.75000305,1550.0,63.49,102.06,0.0,0.0,2.4362697644401576,0.2751031636863743,1550.0,62.75750000000001,102.0475
2017-07-25,52.66,48,55,47.40000134,26.560474857142857,87.65635142857143,82.000001385,1550.0,62.82,102.35,0.0,0.0,-1.0552842967396447,0.2841465804428678,1550.0,62.7525,102.1825
2017-08-01,54.26,48,55,76.4000023,26.19976457142857,88.82347,74.55000146,1550.0,64.05,101.94,0.0,0.0,1.9579751671442207,-0.400586223742061,1550.0,63.085,102.0325
2017-08-08,48.98,48,55,165.300005,25.622083714285715,89.95809799999999,92.75000201,1550.0,62.58,102.24,0.0,0.0,-2.2950819672131084,0.294290759270166,1550.0,63.235,102.1475
2017-08-15,52.72,48,55,74.000002,25.831608285714285,89.463261,90.77500266,1550.0,63.23,102.31,0.0,0.0,1.0386705017577436,0.0684663536776319,1550.0,63.17,102.21
2017-08-22,54.53,48,55,152.5999989,25.555417142857145,90.44765771428573,117.07500205,1550.0,64.19,101.97,0.0,0.0,1.5182666455796356,-0.3323233310526863,1550.0,63.5125,102.115
2017-08-29,51.34,48,55,116.3000062,25.78071514285714,89.80731957142858,127.050003025,1550.0,64.66,102.34,0.0,0.0,0.7322012774575448,0.3628518191625129,1550.0,63.665,102.215
2017-09-05,51.61,48,55,89.0999977,25.987560285714288,89.75033285714287,108.0000012,1550.0,63.28,101.5,0.0,0.0,-2.1342406433652927,-0.8207934336525335,1550.0,63.84,102.03
2017-09-12,51.72,48,55,87.200004,26.095596,89.11965857142857,111.3000017,1550.0,63.96,102.16,0.0,0.0,1.074589127686476,0.6502463054187224,1550.0,64.0225,101.9925
2017-09-19,49.24,48,55,104.3999958,25.910775285714287,88.32908428571429,99.250000925,1550.0,64.29,101.88,0.0,0.0,0.5159474671669884,-0.2740798747063455,1550.0,64.0475,101.97
2017-09-26,51.88,48,55,67.20000285,26.120893428571428,88.71554857142857,86.9750000875,1550.0,63.46,102.5,0.0,0.0,-1.2910250427749292,0.6085590891244719,1550.0,63.7475,102.01
2017-10-03,54.07,48,55,65.7000032,26.21285971428572,88.84740942857142,81.1250014625,1550.0,63.81,102.14,0.0,0.0,0.5515285219035659,-0.3512195121951222,1550.0,63.88,102.17
2017-10-10,54.88,48,55,60.5000002,26.39946542857143,88.180478,74.4500005125,1550.0,63.6,101.37,0.0,0.0,-0.3291020216267037,-0.7538672410417058,1550.0,63.79,101.9725
2017-10-17,52.88,48,55,97.9000007,25.779227142857145,90.36795,72.8250017375,1550.0,62.76,101.9,0.0,0.0,-1.3207547169811429,0.5228371313011682,1550.0,63.4075,101.9775
2017-10-24,51.67,48,55,86.699994,26.09708585714285,88.19711285714286,77.699999525,1550.0,64.12,102.6,0.0,0.0,2.16698534098152,0.6869479882237295,1550.0,63.5725,102.0025
2017-10-31,53.28,48,55,42.7000011,26.347977000000004,88.31451285714286,71.949999,1550.0,62.98,101.76,0.0,0.0,-1.7779164067373787,-0.8187134502923854,1550.0,63.365,101.9075
2017-11-07,53.24,48,55,43.1000008,26.05660757142857,88.62011357142856,67.59999915,1550.0,62.67,102.65,0.0,0.0,-0.4922197523023142,0.874606918238996,1550.0,63.1325,102.2275
2017-11-14,53.02,48,55,5.7000001000000005,26.59708528571429,84.37016214285714,44.549999,1550.0,63.76,102.49,0.0,0.0,1.739269187809156,-0.1558694593278287,1550.0,63.3825,102.375
2017-11-21,53.18,48,55,27.2999995,26.66881085714286,86.60644357142857,29.700000375,1550.0,63.78,101.87,0.0,0.0,0.0313676286072928,-0.6049370670309195,1550.0,63.2975,102.1925
2017-11-28,54.51,48,55,44.8000001,26.55333428571429,84.65501071428571,30.225000125,1550.0,62.56,101.87,0.0,0.0,-1.912825337096269,0.0,1550.0,63.1925,102.22
2017-12-05,51.06,48,55,9.1999995,26.18011971428572,85.53463714285714,21.7499998,1550.0,63.52,102.12,0.0,0.0,1.534526854219953,0.2454108177088354,1550.0,63.405,102.0875
2017-12-12,52.98,48,55,10.5000004,26.18488271428572,87.64870771428572,22.949999875,1550.0,62.94,101.78,0.0,0.0,-0.9130982367758222,-0.3329416372894633,1550.0,63.2,101.91
2017-12-19,48.08,48,55,0.3,26.372084,77.22040914285715,16.200000000000003,1550.0,65.4,101.79,0.0,0.0,3.9084842707340473,0.0098251129888149,1550.0,63.605,101.89
2017-12-26,37.53,37,44,0.4,26.145001,73.85607428571429,5.099999975,1550.0,64.67,102.12,0.0,0.0,-1.116207951070347,0.3241968759210012,1550.0,64.13250000000001,101.9525
2018-01-02,43.79,37,44,3.00000014,25.69113014285714,79.55514142857143,3.550000135,1550.0,74.15,105.02,0.0,0.0,14.659038193907524,2.839796318057175,1550.0,66.79,102.6775
2018-01-09,42.45,37,44,3.2000001,26.097083857142856,76.79694085714286,1.7250000600000002,1550.0,73.3,105.09,0.0,0.0,-1.14632501685773,0.0666539706722701,1550.0,69.38,103.505
2018-01-16,43.23,37,44,3.7000002,26.492322142857144,75.24899857142857,2.5750001100000004,1550.0,74.3,104.63,0.0,0.0,1.3642564802182733,-0.4377200494814048,1550.0,71.605,104.215
2018-01-23,38.57,37,44,4.3000001,26.048275285714286,77.41385442857143,3.5500001350000003,1550.0,73.31,104.71,0.0,0.0,-1.3324360699865312,0.0764599063366233,1550.0,73.765,104.8625
2018-01-30,40.2,37,44,1.1,26.396488142857145,73.55653928571428,3.0750001,1550.0,73.49,105.2,0.0,0.0,0.2455326694857262,0.4679591252029436,1550.0,73.6,104.9075
2018-02-06,43.64,37,44,10.9999998,26.813751,76.68154442857143,5.025000025000001,1550.0,74.29,105.22,0.0,0.0,1.088583480745697,0.0190114068441049,1550.0,73.8475,104.94
2018-02-13,43.25,37,44,5.7,26.967620714285715,80.35527914285714,5.524999975,1550.0,74.41,104.66,0.0,0.0,0.1615291425494547,-0.5322182094658845,1550.0,73.875,104.9475
2018-02-20,39.09,37,44,2.00000005,27.28369057142857,77.06563357142856,4.949999962500001,1550.0,73.61,104.9,0.0,0.0,-1.0751243112484876,0.2293139690426215,1550.0,73.94999999999999,104.995
2018-02-27,37.42,37,44,3.4000000000000004,28.265833285714287,72.51643371428571,5.524999962500001,1550.0,74.3,105.2,0.0,0.0,0.9373726395870196,0.2859866539561384,1550.0,74.1525,104.995
2018-03-06,37.27,37,44,6.0000001,28.199168142857143,78.26510271428572,4.2750000375,1550.0,73.4,105.02,0.0,0.0,-1.2113055181695698,-0.1711026615969668,1550.0,73.92999999999999,104.945
2018-03-13,38.73,37,44,32.799998,28.18517957142857,77.28789571428571,11.0499995375,1550.0,73.82,105.24,0.0,0.0,0.5722070844686566,0.2094839078270904,1550.0,73.7825,105.09
2018-03-20,39.0,37,44,25.8000001,27.72386828571429,82.89387157142858,16.99999955,1550.0,75.51,104.89,0.0,0.0,2.289352479002993,-0.3325731660965392,1550.0,74.2575,105.0875
2018-03-27,41.59,37,44,9.0000001,28.383095571428573,81.15158785714286,18.399999575,1550.0,73.92,104.69,0.0,0.0,-2.1056813667064023,-0.1906759462293905,1550.0,74.1625,104.96
2018-04-03,38.9,37,44,26.8,28.238155142857146,81.27570128571429,23.59999955,1550.0,75.07,105.1,0.0,0.0,1.5557359307359242,0.3916324386283198,1550.0,74.58,104.98
2018-04-10,37.04,37,44,38.6,27.972976857142857,83.00383714285715,25.05000005,1550.0,75.51,104.88,0.0,0.0,0.5861196216864428,-0.2093244529019933,1550.0,75.0025,104.89
2018-04-17,40.78,37,44,61.099999,27.788452714285715,85.72320642857143,33.874999775,1550.0,73.39,105.01,0.0,0.0,-2.8075751556085327,0.1239511823035943,1550.0,74.4725,104.92
2018-04-24,38.53,37,44,36.799999,28.35958414285714,84.67875285714285,40.8249995,1550.0,73.6,104.91,0.0,0.0,0.2861425262297157,-0.0952290258070753,1550.0,74.3925,104.975
2018-05-01,42.58,37,44,31.5000006,28.34559685714285,84.91833285714286,41.99999965,1550.0,73.47,105.23,0.0,0.0,-0.1766304347825986,0.3050233533504976,1550.0,73.99249999999999,105.0075
2018-05-08,41.18,37,44,101.300006,27.40214357142857,86.53272442857143,57.67500114999999,1550.0,74.39,105.12,0.0,0.0,1.2522117871240024,-0.1045329278722806,1550.0,73.7125,105.0675
2018-05-15,38.6,37,44,57.5999994,27.13726171428572,87.32884714285714,56.80000125,1550.0,74.65,104.36,0.0,0.0,0.3495093426535867,-0.7229832572298367,1550.0,74.0275,104.905
2018-05-22,37.28,37,44,150.20000499999998,26.994109428571427,87.67379757142858,85.15000275,1550.0,72.72,105.46,0.0,0.0,-2.585398526456806,1.0540436949022514,1550.0,73.8075,105.0425
2018-05-29,42.04,37,44,152.800003,26.658096714285712,87.99683,115.47500334999998,1550.0,74.5,105.21,0.0,0.0,2.447744774477445,-0.2370567039635895,1550.0,74.065,105.0375
2018-06-05,42.88,37,44,149.400003,26.40839357142857,89.49069771428572,127.5000026,1750.0,72.56,104.6,0.0,12.903225806451625,-2.604026845637586,-0.5797927953616555,1600.0,73.6075,104.9075
2018-06-12,38.67,37,44,167.200001,26.38458514285714,89.00165757142858,154.90000299999997,1750.0,73.75,104.88,0.0,0.0,1.6400220507166496,0.2676864244741894,1650.0,73.3825,105.0375
2018-06-19,41.01,37,44,123.900002,25.863750142857143,89.67549771428571,148.32500224999998,1750.0,73.24,104.48,0.0,0.0,-0.6915254237288226,-0.3813882532417878,1700.0,73.5125,104.7925
2018-06-26,41.76,37,44,116.6,25.571787714285712,90.11619285714286,139.27500149999997,1750.0,73.4,104.79,0.0,0.0,0.2184598580011076,0.2967075038284861,1750.0,73.2375,104.6875
2018-07-03,40.6,37,44,58.1999961,26.10035857142857,89.04249628571428,116.474999775,1750.0,74.4,104.93,0.0,0.0,1.3623978201634968,0.1336005344021451,1750.0,73.6975,104.77
2018-07-10,37.04,37,44,134.099999,25.62416785714285,89.17662800000001,108.199999275,1750.0,74.0,105.02,0.0,0.0,-0.5376344086021612,0.0857714666920639,1750.0,73.76,104.805
2018-07-17,41.2,37,44,203.599993,25.34708528571429,90.95724771428571,128.124997025,1750.0,74.46,105.27,0.0,0.0,0.6216216216216042,0.2380498952580412,1750.0,74.065,105.0025
2018-07-24,38.06,37,44,80.8999985,25.927738857142856,88.99069399999999,119.19999665,1750.0,73.49,105.34,0.0,0.0,-1.302712865968303,0.0664956777809422,1750.0,74.0875,105.14
2018-07-31,40.6,37,44,69.09999619999999,25.554227714285712,89.98703485714285,121.924996675,1750.0,73.97,104.9,0.0,0.0,0.6531500884474184,-0.4176950825897085,1750.0,73.97999999999999,105.1325
2018-08-07,43.83,37,44,93.3999979,25.45690657142857,89.92383585714286,111.7499964,1750.0,74.57,104.79,0.0,0.0,0.8111396512099356,-0.1048617731172485,1750.0,74.12249999999999,105.075
2018-08-14,38.0,37,44,292.099998,24.770002,92.26279428571428,133.87499765,1750.0,74.13,104.88,0.0,0.0,-0.5900496178087633,0.0858860578299314,1750.0,74.03999999999999,104.9775
2018-08-21,43.85,37,44,48.999999,25.399761285714284,90.03311928571428,125.899997775,1750.0,73.78,105.3,0.0,0.0,-0.4721435316336064,0.4004576659038861,1750.0,74.1125,104.9675
2018-08-28,41.28,37,44,25.1999996,25.364048714285712,90.56418357142856,114.924998625,1750.0,74.25,105.08,0.0,0.0,0.6370290051504357,-0.2089268755935402,1750.0,74.1825,105.0125
2018-09-04,42.64,37,44,17.799999,25.682202714285715,89.07343985714286,96.0249989,1750.0,74.54,104.58,0.0,0.0,0.3905723905724079,-0.4758279406166688,1750.0,74.17500000000001,104.96
2018-09-11,43.01,37,44,4.1000002,26.18220385714286,86.47732585714286,24.02499944999999,1750.0,74.09,105.47,0.0,0.0,-0.6037027099543901,0.8510231401797741,1750.0,74.165,105.1075
2018-09-18,40.25,37,44,27.4999988,26.06017957142857,87.39321942857143,18.649999399999984,1750.0,74.55,104.31,0.0,0.0,0.6208665136995473,-1.0998388167251294,1750.0,74.3575,104.86
2018-09-25,39.24,37,44,27.0999998,26.705416,85.89805942857143,19.124999449999983,1750.0,74.38,105.65,0.0,0.0,-0.2280348759222006,1.284632345892045,1750.0,74.39,105.0025
2018-10-02,43.23,37,44,49.8000004,26.24886971428572,88.86632999999999,27.124999799999987,1750.0,74.09,105.01,0.0,0.0,-0.3898897553105573,-0.6057737813535247,1750.0,74.2775,105.11
2018-10-09,39.09,37,44,61.8999984,26.41910785714285,89.29652214285714,41.57499934999999,1750.0,74.17,105.05,0.0,0.0,0.1079767849912149,0.0380916103228212,1750.0,74.2975,105.005
2018-10-16,37.74,37,44,72.8000036,26.02297685714285,87.71820785714286,52.90000054999999,1750.0,74.12,104.98,0.0,0.0,-0.0674127005527824,-0.0666349357448803,1750.0,74.19,105.1725
2018-10-23,39.75,37,44,58.10000465,26.246786000000004,88.27937,60.65000176249999,1750.0,74.85,104.63,0.0,0.0,0.9848893685914684,-0.3333968374928608,1750.0,74.3075,104.9175
2018-10-30,42.23,37,44,18.4,26.926549142857144,85.44613700000001,52.80000166249999,1750.0,72.84,104.8,0.0,0.0,-2.685370741482951,0.1624773009653024,1750.0,73.995,104.865
2018-11-06,39.78,37,44,30.7999988,26.59381157142857,85.33715428571429,45.02500176249999,1750.0,74.81,105.07,0.0,0.0,2.704557935200436,0.2576335877862545,1750.0,74.155,104.87
2018-11-13,43.04,37,44,87.3000104,26.553335428571422,87.32242685714286,48.65000346249998,1750.0,74.38,105.14,0.0,0.0,-0.5747894666488507,0.0666222518321157,1750.0,74.22,104.91
2018-11-20,43.2,37,44,49.9000001,26.41642942857143,87.41936085714285,46.60000232499998,1750.0,72.95,104.95,0.0,0.0,-1.9225598279107192,-0.1807114323758796,1750.0,73.745,104.99
2018-11-27,43.65,37,44,25.8000004,26.593512714285712,83.54395642857142,48.45000242499999,1750.0,73.56,104.84,0.0,0.0,0.8361891706648361,-0.1048118151500743,1750.0,73.925,105.0
2018-12-04,39.7,37,44,16.1999997,26.811965571428573,84.50389,44.80000264999999,1750.0,72.66,105.07,0.0,0.0,-1.2234910277324706,0.219381915299488,1750.0,73.3875,105.0
2018-12-11,43.56,37,44,5.4000001,26.78339271428572,83.38757285714284,24.32500007499998,1750.0,74.66,105.11,0.0,0.0,2.7525461051472577,0.0380698581897931,1750.0,73.4575,104.9925
2018-12-18,40.35,37,44,4.0000003,26.280120714285715,83.58712071428572,12.850000124999982,1750.0,74.13,104.86,0.0,0.0,-0.7098848111438572,-0.2378460660260706,1750.0,73.7525,104.97
2019-01-01,38.11,36,44,5.8999987,25.69708457142857,71.1194507142857,7.849999784999983,1750.0,71.5,108.44,0.0,0.0,-2.0547945205479423,3.0700503754395925,1750.0,73.32249999999999,105.905
2019-01-08,36.45,36,44,0.0,25.40125242857143,68.36134771428571,6.499999759999983,1750.0,70.99,108.21,0.0,0.0,-0.7132867132867204,-0.2120988565105119,1750.0,72.405,106.68
2019-01-15,38.78,36,44,0.0,26.23279857142857,69.23947985714287,5.499999684999983,1750.0,69.97,108.47,0.0,0.0,-1.4368220876179727,0.2402735421864976,1750.0,71.36500000000001,107.5825
2019-01-22,37.94,36,44,2.5000002,25.602145285714283,72.47978442857143,2.099999724999982,1750.0,70.39,108.0,0.0,0.0,0.6002572531084827,-0.4332995298239162,1750.0,70.7125,108.28
2019-01-29,39.84,36,44,4.50000024,26.728037285714286,76.99202142857143,1.7500001099999822,1750.0,71.38,108.08,0.0,0.0,1.406449779798269,0.0740740740740708,1750.0,70.6825,108.19
2019-02-05,43.59,36,44,7.70000004,27.39500171428572,77.91808428571429,3.675000119999982,1750.0,71.1,107.78,0.0,0.0,-0.3922667413841396,-0.2775721687638732,1750.0,70.71,108.0825
2019-02-12,43.87,36,44,15.2,27.272977571428573,80.66600285714286,7.475000119999982,1750.0,70.77,107.79,0.0,0.0,-0.4641350210970452,0.0092781592132107,1750.0,70.91,107.9125
2019-02-19,42.53,36,44,4.9000001,27.78964371428572,78.36810357142858,8.075000094999982,1750.0,70.75,108.36,0.0,0.0,-0.028260562385185,0.5288060116893867,1750.0,71.0,108.0025
2019-02-26,39.53,36,44,1.9,28.02148857142857,72.60371442857142,7.425000034999981,1750.0,72.13,107.7,0.0,0.0,1.9505300353356736,-0.6090808416389759,1750.0,71.1875,107.9075
2019-03-05,38.22,36,44,19.800002,28.09857142857143,78.03492071428572,10.450000524999982,1750.0,72.9,107.71,0.0,0.0,1.0675169832247366,0.0092850510677644,1750.0,71.63749999999999,107.89
2019-03-12,39.8,36,44,12.7999997,27.996787428571427,79.415219,9.850000449999982,1750.0,73.03,108.28,0.0,0.0,0.1783264746227697,0.5291987744870497,1750.0,72.2025,108.0125
2019-03-19,40.39,36,44,5.2000002,28.47535771428572,76.6152687142857,9.92500047499998,1750.0,71.76,108.03,0.0,0.0,-1.7390113651923778,-0.2308828961950504,1750.0,72.455,107.93
2019-03-26,36.49,36,44,7.50000044,28.95720342857143,77.85461642857142,11.325000584999982,1750.0,71.28,107.91,0.0,0.0,-0.6688963210702448,-0.1110802554845968,1750.0,72.2425,107.9825
2019-04-02,36.91,36,44,8.8000005,28.783394428571427,78.41490214285714,8.575000209999981,1750.0,70.85,107.64,0.0,0.0,-0.6032547699214463,-0.2502085070892335,1750.0,71.73,107.965
2019-04-09,36.51,36,44,12.4000001,29.03339357142857,78.27810214285715,8.47500030999998,1750.0,70.82,108.18,0.0,0.0,-0.0423429781228001,0.5016722408026864,1750.0,71.1775,107.94
2019-04-16,38.13,36,44,32.0000008,28.775357142857143,81.43325857142858,15.175000459999984,1750.0,72.16,107.83,0.0,0.0,1.8921208698107872,-0.3235348493252021,1750.0,71.2775,107.89
2019-04-23,38.75,36,44,38.9000014,28.51642957142857,84.07346942857143,23.025000699999985,1750.0,69.97,108.23,0.0,0.0,-3.0349223946784853,0.3709542798850052,1750.0,70.94999999999999,107.97
2019-04-30,38.47,36,44,36.0000009,28.327143000000003,84.71314014285714,29.825000799999984,1750.0,71.24,108.0,0.0,0.0,1.8150635986851515,-0.2125103945301742,1750.0,71.0475,108.06
2019-05-07,42.62,36,44,7.39999954,28.89440628571429,77.05381985714287,28.575000659999983,1750.0,70.4,107.74,0.0,0.0,-1.179112857944964,-0.2407407407407413,1750.0,70.9425,107.95
2019-05-14,37.95,36,44,26.79999975,28.70065571428572,82.72695499999999,27.27500039749998,1750.0,70.46,107.96,0.0,0.0,0.0852272727272618,0.204195284945241,1750.0,70.5175,107.9825
2019-05-21,37.08,36,44,48.49999819,28.334286428571428,85.33758385714285,29.67499959499997,1750.0,72.36,107.98,0.0,0.0,2.696565427192743,0.0185253797702955,1750.0,71.11500000000001,107.92
2019-05-28,41.2,36,44,75.2999992,28.06940342857143,86.50059185714285,39.49999916999998,1750.0,69.93,108.02,0.0,0.0,-3.3582089552238736,0.037043897017952,1750.0,70.7875,107.92499999999998
2019-06-04,41.39,36,44,91.400001,27.297084428571427,87.76312371428571,60.49999953499998,1815.0,71.53,108.49,0.0,3.7142857142857135,2.2880022880022777,0.435104610257353,1766.25,71.07,108.1125
2019-06-11,43.67,36,44,143.100004,26.778331857142856,90.21153485714284,89.57500059749998,1815.0,72.01,108.32,0.0,0.0,0.6710471130993989,-0.1566964697207185,1782.5,71.45750000000001,108.2025
2019-06-18,37.27,36,44,95.7999963,26.91702571428571,89.61113057142857,101.400000125,1815.0,69.79,108.44,0.0,0.0,-3.0829051520622097,0.1107828655834586,1798.75,70.815,108.3175
2019-06-25,38.48,36,44,82.9000028,26.811072285714285,88.86178271428571,103.300001025,1815.0,69.76,108.05,0.0,0.0,-0.0429861011606247,-0.3596458871265251,1815.0,70.77250000000001,108.325
2019-07-02,37.25,36,44,65.7999936,26.81583457142857,88.02088014285714,96.89999917499998,1815.0,71.58,108.07,0.0,0.0,2.608944954128422,0.0185099490976448,1815.0,70.785,108.22
2019-07-09,36.54,36,44,52.2999979,26.59381085714286,89.24887285714286,74.19999764999997,1815.0,72.46,107.92,0.0,0.0,1.2293936853869702,-0.1387989266216305,1815.0,70.89750000000001,108.12
2019-07-16,39.5,36,44,236.800016,25.811370142857147,89.95187057142857,109.45000257499998,1815.0,69.64,108.01,0.0,0.0,-3.8918023737234297,0.0833951074870276,1815.0,70.86,108.0125
2019-07-23,42.57,36,44,189.999997,25.219406285714285,91.49369157142856,136.22500112499998,1815.0,73.11,107.96,0.0,0.0,4.982768523836878,-0.0462920099990826,1815.0,71.6975,107.99
2019-07-30,42.04,36,44,17.400000300000002,26.232203,89.66747914285715,124.1250028,1815.0,71.89,108.06,0.0,0.0,-1.66871836958008,0.0926268988514333,1815.0,71.775,107.9875
2019-08-06,38.09,36,44,166.300007,25.90006057142857,90.53267728571429,152.625005075,1815.0,70.71,107.64,0.0,0.0,-1.6413965781054474,-0.3886729594669624,1815.0,71.3375,107.9175
2019-08-13,43.96,36,44,188.3000063,25.199762,92.04929657142858,140.50000265,1815.0,69.49,107.48,0.0,0.0,-1.7253570923490336,-0.1486436269044988,1815.0,71.3,107.785
2019-08-20,36.32,36,44,127.6999986,25.28577542857143,91.97389857142856,124.92500305,1815.0,70.83,107.98,0.0,0.0,1.9283350122319745,0.4652028284331866,1815.0,70.72999999999999,107.79
2019-08-27,38.78,36,44,150.0000006,25.13398957142857,91.55339357142856,158.07500312499997,1815.0,71.62,108.54,0.0,0.0,1.115346604546108,0.5186145582515289,1815.0,70.6625,107.91
2019-09-03,43.38,36,44,96.200003,25.716727428571428,90.82399514285714,140.550002125,1815.0,71.2,108.14,0.0,0.0,-0.5864283719631436,-0.3685277317118207,1815.0,70.785,108.035
2019-09-10,37.3,36,44,78.4,26.076253,89.96680500000001,113.07500054999998,1815.0,71.79,108.04,0.0,0.0,0.8286516853932557,-0.0924727205474318,1815.0,71.36,108.175
2019-09-17,40.19,36,44,84.3000047,26.03517785714285,90.34156428571428,102.22500207499998,1815.0,71.26,107.89,0.0,0.0,-0.7382643822259394,-0.1388374676045911,1815.0,71.4675,108.1525
2019-09-24,40.89,36,44,91.2999992,26.092619142857146,90.07652642857144,87.55000172499999,1815.0,71.89,108.19,0.0,0.0,0.8840864440078589,0.2780609880433715,1815.0,71.53500000000001,108.065
2019-10-01,38.68,36,44,112.8000041,26.30154885714285,87.72992014285715,91.70000199999998,1815.0,72.25,107.89,0.0,0.0,0.5007650577270928,-0.2772899528607042,1815.0,71.7975,108.0025
2019-10-08,40.38,36,44,32.7,26.366431142857145,88.04632128571428,80.275002,1815.0,70.76,108.38,0.0,0.0,-2.062283737024217,0.4541662804708357,1815.0,71.53999999999999,108.0875
2019-10-15,38.38,36,44,111.5999984,26.078334285714284,89.16793942857143,87.10000042499999,1815.0,71.63,108.4,0.0,0.0,1.2295081967212962,0.0184535892231219,1815.0,71.6325,108.215
2019-10-22,39.4,36,44,229.499999,25.64827414285714,89.50353785714286,121.650000375,1815.0,71.41,108.44,0.0,0.0,-0.3071338824514824,0.0369003690036784,1815.0,71.5125,108.2775
2019-10-29,37.19,36,44,120.8000122,25.957204,87.52105085714285,123.65000239999998,1815.0,72.29,108.02,0.0,0.0,1.2323204033048762,-0.3873109553670262,1815.0,71.52250000000001,108.31
2019-11-05,37.03,36,44,39.1000019,26.51196528571429,88.19791257142857,125.250002875,1815.0,71.46,108.69,0.0,0.0,-1.1481532715451823,0.6202555082392092,1815.0,71.69749999999999,108.3875
2019-11-12,42.14,36,44,24.9999983,26.80660885714286,86.11127157142857,103.60000284999998,1815.0,69.28,108.52,0.0,0.0,-3.0506577106073185,-0.1564081332229294,1815.0,71.11,108.4175
2019-11-19,38.85,36,44,48.4999991,26.88428785714285,87.00951428571429,58.35000287499999,1815.0,71.0,108.31,0.0,0.0,2.48267898383372,-0.1935127165499373,1815.0,71.0075,108.385
2019-11-26,40.18,36,44,3.4000001,27.78250071428572,81.41151,28.999999849999988,1815.0,70.33,107.64,0.0,0.0,-0.9436619718309892,-0.6185947742590736,1815.0,70.5175,108.29
2019-12-03,40.85,36,44,41.8000018,26.81791714285714,83.83178785714286,29.674999824999983,1815.0,69.87,108.01,0.0,0.0,-0.654059434096399,0.3437383872166633,1815.0,70.12,108.12
2019-12-10,39.02,36,44,2.9000001,27.10005971428572,77.75721714285714,24.150000274999982,1815.0,71.28,107.97,0.0,0.0,2.018033490768567,-0.0370336079992705,1815.0,70.62,107.9825
2019-12-17,38.14,36,44,2.90000025,26.85452385714286,77.90809342857143,12.750000562499984,1815.0,71.02,108.4,0.0,0.0,-0.3647586980920381,0.3982587755858136,1815.0,70.625,108.005
2019-12-24,39.36,36,44,4.40000004,27.33339228571429,79.50093285714286,13.000000547499983,1815.0,70.7,107.6,0.0,0.0,-0.4505773021683978,-0.738007380073813,1815.0,70.7175,107.995
2019-12-31,38.53,36,41,2.5,27.51166757142857,80.38449085714285,3.1750000974999857,1815.0,77.61,109.3,0.0,0.0,9.77369165487978,1.5799256505576231,1815.0,72.6525,108.3175
2020-01-07,40.99,36,41,3.4,27.66434585714285,77.23241214285714,3.300000072499986,1815.0,75.55,109.12,0.0,0.0,-2.654297126658933,-0.1646843549862664,1815.0,73.72,108.605
2020-01-14,37.26,36,41,2.3000001,26.695894000000003,72.21419514285715,3.150000034999986,1815.0,75.22,109.41,0.0,0.0,-0.4367968232958263,0.265762463343111,1815.0,74.77,108.8575
2020-01-21,39.83,36,41,2.3,27.906605857142857,74.48680357142858,2.625000024999986,1815.0,75.86,108.83,0.0,0.0,0.850837543206584,-0.5301160771410296,1815.0,76.06,109.165
2020-01-28,37.05,36,41,3.8000001,27.505416285714286,77.56697285714286,2.950000049999986,1815.0,75.91,109.09,0.0,0.0,0.0659108884787817,0.2389047137737909,1815.0,75.63499999999999,109.1125
2020-02-04,40.54,36,41,18.4000002,26.87743957142857,80.81828442857143,6.700000099999986,1815.0,75.94,109.53,0.0,0.0,0.0395204847846164,0.4033366944724559,1815.0,75.73249999999999,109.215
2020-02-11,39.53,36,41,1.10000004,27.52863285714286,75.34192342857143,6.400000084999986,1815.0,76.71,109.25,0.0,0.0,1.013958388201197,-0.2556377248242536,1815.0,76.105,109.175
2020-02-18,38.5,36,41,0.9,27.654227857142853,75.19758771428572,6.050000084999986,1815.0,75.67,109.09,0.0,0.0,-1.3557554425759233,-0.1464530892448468,1815.0,76.0575,109.24
2020-02-25,36.37,36,41,4.5,28.404823285714286,75.101182,6.225000059999986,1815.0,74.73,108.99,0.0,0.0,-1.2422360248447228,-0.0916674305619258,1815.0,75.7625,109.215
2020-03-03,36.07,36,41,28.7000012,27.395000714285715,82.44471657142857,8.800000309999986,1815.0,76.78,109.09,0.0,0.0,2.743208885320492,0.0917515368382471,1815.0,75.9725,109.105
2020-03-10,36.34,36,41,42.2999974,27.453333,84.84093357142856,19.099999649999987,1815.0,75.77,109.26,0.0,0.0,-1.3154467309195117,0.1558346319552761,1815.0,75.73750000000001,109.1075
2020-03-17,37.88,36,41,2.70000009,28.22565542857143,83.10020999999999,19.549999672499982,1815.0,76.93,109.48,0.0,0.0,1.5309489243764185,0.2013545670876748,1815.0,76.05250000000001,109.205
2020-03-24,40.86,36,41,43.7000009,27.491130857142856,85.05212085714285,29.349999897499984,1815.0,75.4,108.72,0.0,0.0,-1.9888210061094536,-0.6941907197661745,1815.0,76.22,109.1375
2020-03-31,38.16,36,41,5.2000001000000005,28.28547885714286,82.95316,23.474999622499983,1815.0,75.33,109.55,0.0,0.0,-0.0928381962864821,0.7634289919058013,1815.0,75.8575,109.2525
2020-04-07,36.41,36,41,27.9999996,28.147679714285715,83.39088842857143,19.900000172499983,1815.0,75.54,108.94,0.0,0.0,0.2787733970529782,-0.5568233683249657,1815.0,75.80000000000001,109.1725
2020-04-14,36.85,36,41,13.5000003,28.22208457142857,83.52873742857142,22.600000224999985,1815.0,75.53,108.99,0.0,0.0,-0.0132380195922765,0.0458968239397838,1815.0,75.45,109.05
2020-04-21,38.64,36,41,30.2999997,28.419704,83.38037157142857,19.249999924999987,1815.0,74.96,109.26,0.0,0.0,-0.7546670197272731,0.2477291494632716,1815.0,75.34,109.185
2020-04-28,38.68,36,41,51.699999000000005,28.47148914285714,84.53792357142856,30.87499964999999,1815.0,75.39,108.72,0.0,0.0,0.5736392742796248,-0.4942339373970372,1815.0,75.355,108.9775
2020-05-05,38.57,36,41,36.2,28.38904928571429,87.18107571428571,32.924999749999984,1815.0,76.41,108.79,0.0,0.0,1.3529645841623417,0.0643855776306212,1815.0,75.57249999999999,108.94
2020-05-12,40.05,36,41,48.5000008,28.01494271428572,87.56180785714287,41.67499987499998,1815.0,76.8,108.84,0.0,0.0,0.5104043973301886,0.0459601066274517,1815.0,75.89,108.9025
2020-05-19,37.79,36,41,111.2999944,27.03607185714285,89.34131071428571,61.924998549999984,1815.0,76.0,109.36,0.0,0.0,-1.041666666666663,0.4777655273796366,1815.0,76.15,108.9275
2020-05-26,36.03,36,41,95.5000005,27.653334285714287,88.10210057142856,72.87499892499999,1815.0,77.44,109.14,0.0,0.0,1.89473684210526,-0.2011704462326236,1815.0,76.6625,109.0325
2020-06-02,38.71,36,41,139.800001,26.47446628571428,90.298018,98.77499917499998,1868.0,76.05,109.09,0.0,2.920110192837466,-1.7949380165289242,-0.045812717610405,1828.25,76.57249999999999,109.1075
2020-06-09,39.04,36,41,131.700011,26.11107285714285,90.82345771428572,119.57500172499998,1868.0,75.44,108.91,0.0,0.0,-0.8021038790269497,-0.1650013750114642,1841.5,76.23249999999999,109.125
2020-06-16,39.72,36,41,103.699999,26.537857142857145,90.70740071428573,117.67500287499998,1868.0,76.95,108.7,0.0,0.0,2.0015906680806106,-0.1928197594343927,1854.75,76.47,108.96
2020-06-23,39.33,36,41,121.9999975,26.05631,90.06975,124.30000212499998,1868.0,75.16,109.46,0.0,0.0,-2.3261858349577724,0.6991720331186668,1868.0,75.89999999999999,109.04
2020-06-30,40.37,36,41,120.900003,25.991728857142856,90.29463857142856,119.57500262499998,1868.0,76.84,108.59,0.0,0.0,2.235231506120283,-0.7948108898227613,1868.0,76.0975,108.915
2020-07-07,38.37,36,41,62.199999,26.27178614285714,89.38063771428571,102.199999625,1868.0,74.77,109.93,0.0,0.0,-2.693909422175955,1.2339994474629412,1868.0,75.93,109.17000000000002
2020-07-14,36.64,36,41,116.199994,25.90928571428572,89.91862042857143,105.32499837499998,1868.0,76.19,109.12,0.0,0.0,1.8991574160759583,-0.7368325297916867,1868.0,75.74000000000001,109.275
2020-07-21,37.41,36,41,55.100003,26.165835,89.30995928571429,88.59999974999998,1868.0,76.74,108.99,0.0,0.0,0.7218795117469368,-0.1191348973607175,1868.0,76.13499999999999,109.1575
2020-07-28,36.99,36,41,172.60000809999997,25.760477428571427,90.47307,101.52500102499998,1868.0,75.22,108.56,0.0,0.0,-1.980714099556935,-0.3945316084044359,1868.0,75.73,109.15
2020-08-04,36.04,36,41,179.900005,25.84380942857143,90.49293571428572,130.95000252499997,1868.0,74.48,109.19,0.0,0.0,-0.9837809093326212,0.5803242446573265,1868.0,75.6575,108.965
2020-08-11,39.43,36,41,168.8999981,25.40541657142857,91.34982428571428,144.12500354999997,1868.0,76.13,108.86,0.0,0.0,2.215359828141761,-0.3022254785236766,1868.0,75.6425,108.9
2020-08-18,36.7,36,41,20.3999996,26.300358714285714,89.43604571428571,135.45000269999997,1868.0,76.19,108.65,0.0,0.0,0.0788125574674891,-0.1929083226162031,1868.0,75.505,108.815
2020-08-25,39.44,36,41,18.7999979,26.69589471428572,88.85041585714285,97.00000015,1868.0,76.69,108.55,0.0,0.0,0.6562541015881385,-0.0920386562356267,1868.0,75.8725,108.8125
2020-09-01,37.2,36,41,100.399996,26.26107214285714,88.7011787142857,77.12499789999998,1868.0,76.58,108.72,0.0,0.0,-0.1434346068587833,0.1566098572086671,1868.0,76.3975,108.695
2020-09-08,36.6,36,41,139.100004,25.64470271428572,90.59031528571428,69.674999375,1868.0,75.52,108.9,0.0,0.0,-1.3841734134238726,0.16556291390728,1868.0,76.245,108.705
2020-09-15,37.56,36,41,81.300005,25.464048428571427,91.20563014285716,84.90000072499998,1868.0,75.75,109.25,0.0,0.0,0.3045550847457612,0.3213957759412356,1868.0,76.13499999999999,108.855
2020-09-22,40.55,36,41,80.1999987,25.81374957142857,90.04822214285714,100.250000925,1868.0,76.12,108.88,0.0,0.0,0.4884488448845037,-0.3386727688787228,1868.0,75.9925,108.9375
2020-09-29,40.28,36,41,26.9000028,25.953930142857143,90.35578271428572,81.875002625,1868.0,76.46,109.63,0.0,0.0,0.4466631634261642,0.6888317413666467,1868.0,75.9625,109.165
2020-10-06,40.92,36,41,63.300001,26.06404942857143,87.73497285714286,62.92500187499998,1868.0,74.69,108.8,0.0,0.0,-2.314935914203497,-0.7570920368512257,1868.0,75.755,109.14
2020-10-13,39.83,36,41,84.999998,25.89589471428572,89.35630571428571,63.85000012499998,1868.0,75.26,109.25,0.0,0.0,0.7631543714017974,0.4136029411764719,1868.0,75.6325,109.14
2020-10-20,38.35,36,41,31.2000004,26.247084285714287,88.00985985714286,51.60000054999999,1868.0,75.64,109.21,0.0,0.0,0.5049162901939797,-0.0366132723112144,1868.0,75.5125,109.2225
2020-10-27,40.42,36,41,19.2,26.423870142857144,86.70085771428572,49.67499984999999,1868.0,76.66,108.44,0.0,0.0,1.3484928609201363,-0.7050636388609033,1868.0,75.5625,108.925
2020-11-03,37.11,36,41,34.9000026,26.64053757142857,88.15271271428571,42.57500024999999,1868.0,75.99,108.81,0.0,0.0,-0.873989042525436,0.3412025082995207,1868.0,75.8875,108.9275
2020-11-10,40.69,36,41,19.4999987,27.12476285714285,85.271705,26.200000424999985,1868.0,75.8,108.62,0.0,0.0,-0.2500328990656664,-0.1746163036485559,1868.0,76.0225,108.77
2020-11-17,40.03,36,41,35.1999997,26.81613242857143,86.33065642857142,27.200000249999988,1868.0,74.81,108.73,0.0,0.0,-1.3060686015831102,0.1012704842570322,1868.0,75.815,108.65
2020-11-24,39.67,36,41,11.9999998,26.507202714285715,83.55643357142857,25.400000199999987,1868.0,74.96,108.9,0.0,0.0,0.200507953482143,0.1563505932125508,1868.0,75.38999999999999,108.765
2020-12-01,38.47,36,41,13.4999995,26.59291885714285,83.4697807142857,20.049999424999985,1868.0,77.29,109.43,0.0,0.0,3.1083244397011933,0.4866850321395777,1868.0,75.715,108.92000000000002
2020-12-08,36.72,36,41,44.7000029,26.22982342857143,85.84171942857142,26.350000474999987,1868.0,76.66,108.91,0.0,0.0,-0.8151119161599274,-0.4751896189344906,1868.0,75.92999999999999,108.9925
2020-12-15,39.0,36,41,11.9000001,26.041132142857144,82.53541214285714,20.525000574999986,1868.0,75.87,109.02,0.0,0.0,-1.0305243934255026,0.1010008263703898,1868.0,76.195,109.065
2020-12-22,36.6,36,41,2.3000000000000003,26.303037142857143,76.47885228571428,18.100000624999986,1868.0,75.99,109.16,0.0,0.0,0.1581652827204349,0.128416804256104,1868.0,76.4525,109.13
2020-12-29,48.85,35,50,2.1000001,26.317621,76.81769157142857,15.250000774999986,1868.0,75.68,109.73,0.0,0.0,-0.4079484142650247,0.5221692927812382,1868.0,76.05,109.205
2021-01-05,41.18,35,50,76.00000004,26.314346142857143,81.34272414285715,23.075000059999983,1868.0,87.99,114.99,0.0,0.0,16.265856236786448,4.793584252255534,1868.0,78.88250000000001,110.725
2021-01-12,49.1,35,50,45.6999993,25.968215285714287,85.61128557142857,31.524999859999987,1868.0,88.36,114.98,0.0,0.0,0.4205023298102128,-0.0086964083833351,1868.0,82.005,112.215
2021-01-19,42.14,35,50,7.70000005,26.34113085714285,83.109001,32.874999872499984,1868.0,88.56,115.37,0.0,0.0,0.2263467632412918,0.3391894242476878,1868.0,85.14750000000001,113.7675
2021-01-26,45.48,35,50,4.4999997,25.55512014285714,76.35102128571428,33.474999772499984,1868.0,87.85,115.13,0.0,0.0,-0.8017163504968505,-0.2080263500043422,1868.0,88.19,115.1175
2021-02-02,43.37,35,50,1.2000000000000002,27.08458185714285,71.59087457142857,14.774999762499986,1868.0,87.61,114.77,0.0,0.0,-0.2731929425156432,-0.3126900026057533,1868.0,88.095,115.0625
2021-02-09,36.49,35,50,2.1999998,26.653632,64.78535185714286,3.8999998874999857,1868.0,88.49,115.05,0.0,0.0,1.0044515466270942,0.2439661932560843,1868.0,88.1275,115.08
2021-02-16,44.81,35,50,6.5000005000000005,26.83815557142857,76.67681428571429,3.599999999999986,1868.0,87.94,115.12,0.0,0.0,-0.6215391569668882,0.0608431116905672,1868.0,87.9725,115.0175
2021-02-23,49.94,35,50,9.60000049,27.24351271428572,80.151669,4.875000197499986,1868.0,87.59,114.57,0.0,0.0,-0.3979986354332387,-0.4777623349548343,1868.0,87.9075,114.8775
2021-03-02,48.68,35,50,4.8,27.54857171428572,77.69351057142856,5.775000197499986,1868.0,87.0,114.97,0.0,0.0,-0.6735928758990761,0.3491315353059354,1868.0,87.755,114.9275
2021-03-09,43.54,35,50,12.3999999,27.755418285714285,79.47984171428571,8.325000222499986,1868.0,88.19,115.14,0.0,0.0,1.3678160919540217,0.1478646603461753,1868.0,87.67999999999999,114.95
2021-03-16,36.93,35,50,4.8000001,27.96256028571429,78.85139528571429,7.900000122499986,1868.0,88.55,114.53,0.0,0.0,0.4082095475677505,-0.5297898210873675,1868.0,87.8325,114.8025
2021-03-23,43.33,35,50,11.3999999,27.708395142857142,84.27082628571429,8.349999974999987,1868.0,89.17,114.86,0.0,0.0,0.7001693958215816,0.2881341133327497,1868.0,88.22749999999999,114.875
2021-03-30,49.43,35,50,17.2999994,27.820893,83.37678500000001,11.474999824999989,1868.0,87.42,115.45,0.0,0.0,-1.962543456319388,0.513668814208601,1868.0,88.3325,114.995
2021-04-06,37.97,35,50,10.6,28.199762714285715,82.70282499999999,11.024999849999986,1868.0,88.07,114.91,0.0,0.0,0.7435369480667919,-0.4677349501948979,1868.0,88.3025,114.9375
2021-04-13,39.63,35,50,34.4000001,27.17208457142857,86.30329714285713,18.424999849999985,1868.0,88.06,114.76,0.0,0.0,-0.0113546042920353,-0.1305369419545621,1868.0,88.17999999999999,114.995
2021-04-20,41.64,35,50,50.3999995,27.16851342857143,86.792055,28.174999749999984,1868.0,88.16,114.75,0.0,0.0,0.1135589370883316,-0.0087138375740702,1868.0,87.9275,114.9675
2021-04-27,48.77,35,50,52.8000014,27.686668571428573,86.160488,37.05000024999998,1868.0,86.11,114.88,0.0,0.0,-2.3253176043557144,0.1132897603485894,1868.0,87.6,114.825
2021-05-04,44.22,35,50,64.10000169999999,27.404227142857145,87.43961542857143,50.42500067499999,1868.0,87.42,115.11,0.0,0.0,1.5213099523864848,0.2002089136490248,1868.0,87.4375,114.875
2021-05-11,38.14,35,50,169.5999913,26.961965857142854,88.46204285714286,84.22499847499998,1868.0,88.5,114.41,0.0,0.0,1.235415236787918,-0.6081139779341549,1868.0,87.5475,114.7875
2021-05-18,38.0,35,50,218.599992,26.485774,90.51014714285714,126.27499659999998,1868.0,88.52,115.18,0.0,0.0,0.0225988700564894,0.6730180928240737,1868.0,87.63749999999999,114.895
2021-05-25,39.88,35,50,109.1999986,26.754526,88.235362,140.3749959,1868.0,87.6,115.31,0.0,0.0,-1.0393131495707195,0.1128668171557434,1868.0,88.00999999999999,115.0025
2021-06-01,36.85,35,50,77.2000006,26.699167,88.75054557142857,143.64999562499997,1940.0,87.48,115.19,0.0,3.854389721627416,-0.1369863013698569,-0.1040672968519729,1886.0,88.025,115.0225
2021-06-08,38.91,35,50,87.1000011,26.386666571428574,89.34397414285715,123.02499807499998,1940.0,89.39,115.54,0.0,0.0,2.183356195701869,0.3038458199496663,1904.0,88.2475,115.305
2021-06-15,42.19,35,50,113.399997,26.23517985714286,88.77125,96.72499932499996,1940.0,87.39,114.74,0.0,0.0,-2.237386732296676,-0.6924009001211817,1922.0,87.965,115.195
2021-06-22,44.91,35,50,49.5999991,26.34262057142857,88.00033928571429,81.82499944999999,1940.0,88.32,114.65,0.0,0.0,1.06419498798489,-0.0784382081226997,1940.0,88.145,115.03
2021-06-29,41.94,35,50,61.500004,26.33934657142857,88.57830942857143,77.90000029999999,1940.0,88.85,115.19,0.0,0.0,0.6000905797101552,0.4709986916702879,1940.0,88.4875,115.03
2021-07-06,49.27,35,50,109.399999,26.16136828571429,89.20866985714285,83.47499977499999,1940.0,88.63,115.04,0.0,0.0,-0.247608328643778,-0.1302196371212649,1940.0,88.2975,114.905
2021-07-13,43.37,35,50,143.20001019999998,25.55720257142857,90.39673085714286,90.92500307499998,1940.0,88.85,114.91,0.0,0.0,0.248222949339949,-0.1130041724617614,1940.0,88.6625,114.9475
2021-07-20,35.48,35,50,67.70000160000001,25.807203,89.58987671428572,95.4500037,1940.0,87.19,114.87,0.0,0.0,-1.868317388857621,-0.034809851187878,1940.0,88.38,115.0025
2021-07-27,44.99,35,50,86.9000008,25.631310285714285,90.12532328571427,101.8000029,1940.0,87.51,115.05,0.0,0.0,0.3670145658905888,0.1566988769913679,1940.0,88.04499999999999,114.9675
2021-08-03,37.8,35,50,55.2999979,25.983096714285715,89.10758285714284,88.27500262499998,1940.0,88.88,114.81,0.0,0.0,1.5655353673865724,-0.2086049543676638,1940.0,88.10749999999999,114.91
2021-08-10,35.49,35,50,104.400003,25.62863257142857,89.81446428571428,78.57500082499999,1940.0,87.81,114.79,0.0,0.0,-1.2038703870386969,-0.0174200853584105,1940.0,87.8475,114.88
2021-08-17,48.38,35,50,68.9000008,25.32714257142857,90.77714057142856,78.87500062499998,1940.0,88.36,115.62,0.0,0.0,0.6263523516683689,0.7230594999564355,1940.0,88.14,115.0675
2021-08-24,49.74,35,50,68.3999986,25.720001142857143,89.96093642857143,74.25000007499999,1940.0,89.32,115.18,0.0,0.0,1.0864644635581566,-0.3805569970593336,1940.0,88.59249999999999,115.1
2021-08-31,43.4,35,50,157.1999988,25.319702857142858,90.94254842857144,99.72500029999998,1940.0,87.81,115.21,0.0,0.0,-1.6905508284818516,0.0260461885744023,1940.0,88.325,115.2
2021-09-07,38.29,35,50,70.7999963,25.46791642857143,90.9980742857143,91.324998625,1940.0,87.86,114.88,0.0,0.0,0.0569411228789507,-0.2864334693168935,1940.0,88.3375,115.2225
2021-09-14,47.27,35,50,53.6999991,25.927740714285715,90.1614177142857,87.52499819999998,1940.0,87.69,114.72,0.0,0.0,-0.1934896426132537,-0.139275766016711,1940.0,88.17,114.9975
2021-09-21,45.77,35,50,20.8000004,26.51613271428572,89.36854085714286,75.62499864999998,1940.0,86.75,115.39,0.0,0.0,-1.0719580339833443,0.5840306834030695,1940.0,87.5275,115.05
2021-09-28,36.55,35,50,114.9000021,25.691430142857143,90.63973071428572,65.04999947499998,1940.0,88.17,114.95,0.0,0.0,1.6368876080691708,-0.3813155386081956,1940.0,87.6175,114.985
2021-10-05,44.39,35,50,189.0000055,25.98964285714285,89.77251214285715,94.60000177499998,1940.0,88.68,114.82,0.0,0.0,0.5784280367471917,-0.1130926489778194,1940.0,87.8225,114.97
2021-10-12,48.95,35,50,161.099998,25.51047757142857,90.89685985714286,121.45000149999996,1940.0,86.22,115.35,0.0,0.0,-2.774018944519629,0.4615920571328979,1940.0,87.455,115.1275
2021-10-19,41.1,35,50,137.8999961,25.78755957142857,89.75288371428572,150.72500042499996,1940.0,87.54,114.92,0.0,0.0,1.5309672929714857,-0.3727785002167305,1940.0,87.6525,115.01
2021-10-26,37.43,35,50,68.40000165,25.474465857142857,89.6361392857143,139.1000003125,1940.0,88.53,115.37,0.0,0.0,1.1309115832762062,0.3915767490428212,1940.0,87.7425,115.115
2021-11-02,46.35,35,50,125.000008,25.160773428571428,91.26231571428572,123.10000093749996,1940.0,90.07,114.79,0.0,0.0,1.739523325426395,-0.5027303458438048,1940.0,88.09,115.1075
2021-11-09,49.25,35,50,30.4999998,25.66613142857143,87.50822642857143,90.45000138749997,1940.0,88.35,114.7,0.0,0.0,-1.9096258465637783,-0.0784040421639598,1940.0,88.6225,114.945
2021-11-16,36.86,35,50,201.699993,25.275060142857143,90.290152,106.40000061249998,1940.0,88.06,115.02,0.0,0.0,-0.3282399547255177,0.2789886660854446,1940.0,88.7525,114.97
2021-11-23,44.2,35,50,49.800001,25.769108142857142,87.17510242857144,101.75000044999996,1940.0,88.35,115.34,0.0,0.0,0.3293209175561973,0.2782124847852563,1940.0,88.70750000000001,114.9625
2021-11-30,46.54,35,50,79.0000035,25.59976357142857,89.49622071428573,90.24999932499998,1940.0,89.5,114.91,0.0,0.0,1.3016411997736288,-0.3728108201838109,1940.0,88.565,114.9925
2021-12-07,37.15,35,50,8.8,26.354525285714285,87.850964,84.82499937499998,1940.0,88.05,115.18,0.0,0.0,-1.6201117318435765,0.2349664955182406,1940.0,88.49,115.1125
2021-12-14,43.94,35,50,3.4,26.73756071428572,80.46817642857143,35.250001124999976,1940.0,88.02,114.6,0.0,0.0,-0.0340715502555433,-0.503559645771845,1940.0,88.47999999999999,115.0075
2021-12-21,35.63,35,50,0.1,26.287262,76.19810942857143,22.825000874999976,1940.0,87.92,115.1,0.0,0.0,-0.1136105430583844,0.4363001745200767,1940.0,88.37249999999999,114.9475
2021-12-28,46.71,38,52,0.4,26.079524857142854,74.59127914285715,3.174999999999979,1940.0,88.84,114.68,0.0,0.0,1.0464058234758822,-0.3649000868809593,1940.0,88.20750000000001,114.89
2022-01-04,41.09,38,52,0.4,27.31642857142857,71.19085857142856,1.0749999999999786,1940.0,95.28,128.19,0.0,0.0,7.248986942818547,11.780606906173684,1940.0,90.015,118.1425
2022-01-11,43.24,38,52,1.8,26.891727857142858,76.43099442857144,0.6749999999999787,1940.0,96.16,128.2,0.0,0.0,0.9235936188077164,0.0078009205086049,1940.0,92.05,121.5425
2022-01-18,50.03,38,52,1.0,27.239344285714285,72.89075,0.8999999999999787,1940.0,96.1,127.71,0.0,0.0,-0.0623960066555739,-0.3822152886115426,1940.0,94.095,124.695
2022-01-25,51.78,38,52,1.5,26.39529842857143,74.88295142857143,1.1749999999999787,1940.0,95.61,128.46,0.0,0.0,-0.5098855359001009,0.587268029128496,1940.0,95.7875,128.14
2022-02-01,45.92,38,52,4.0,27.242025285714284,77.556286,2.074999999999979,1940.0,96.42,127.9,0.0,0.0,0.8471917163476617,-0.4359333644714303,1940.0,96.0725,128.0675
2022-02-08,48.15,38,52,1.6,27.00154942857143,74.81490214285714,2.0249999999999786,1940.0,95.32,128.01,0.0,0.0,-1.1408421489317644,0.0860046911649536,1940.0,95.8625,128.02
2022-02-15,49.51,38,52,14.70000025,26.495298428571427,80.69944628571429,5.450000062499978,1940.0,96.14,127.24,0.0,0.0,0.8602601762484285,-0.6015155066010469,1940.0,95.8725,127.9025
2022-02-22,50.18,38,52,4.1000001,27.616727,76.13135214285714,6.1000000874999785,1940.0,95.5,128.38,0.0,0.0,-0.6656958602038743,0.8959446714869479,1940.0,95.845,127.8825
2022-03-01,38.85,38,52,23.0,27.64589471428572,69.5727,10.850000087499978,1940.0,96.1,127.8,0.0,0.0,0.6282722513089034,-0.4517837669418933,1940.0,95.765,127.8575
2022-03-08,49.35,38,52,4.199999999999999,27.812262285714286,74.96096085714285,11.500000087499975,1940.0,96.74,128.02,0.0,0.0,0.6659729448491136,0.172143974960881,1940.0,96.12,127.86
2022-03-15,43.71,38,52,6.4,28.124466428571427,76.34376071428572,9.42500002499998,1940.0,95.69,128.24,0.0,0.0,-1.085383502170767,0.1718481487267498,1940.0,96.0075,128.11
2022-03-22,46.69,38,52,11.6000004,27.383691,81.708965,11.30000009999998,1940.0,95.18,128.06,0.0,0.0,-0.5329710523565567,-0.1403618215845337,1940.0,95.9275,128.03
2022-03-29,41.65,38,52,16.30000045,27.683691142857143,83.37356714285714,9.62500021249998,1940.0,95.39,127.45,0.0,0.0,0.2206345870981341,-0.476339215992505,1940.0,95.75,127.9425
2022-04-05,40.88,38,52,35.1000001,27.27386885714285,83.58897071428571,17.35000023749998,1940.0,96.04,128.09,0.0,0.0,0.6814131460320949,0.5021577089054485,1940.0,95.575,127.96
2022-04-12,50.75,38,52,103.4999961,26.356608142857144,87.80889485714286,41.624999262499976,1940.0,96.77,127.82,0.0,0.0,0.7600999583506685,-0.2107892887813323,1940.0,95.845,127.855
2022-04-19,46.99,38,52,24.6999981,27.633691142857145,85.46558557142858,44.89999868749997,1940.0,95.27,127.82,0.0,0.0,-1.5500671695773516,0.0,1940.0,95.8675,127.795
2022-04-26,38.82,38,52,44.6000006,27.829821428571428,85.71200928571429,51.97499872499998,1940.0,94.75,128.1,0.0,0.0,-0.5458171512543242,0.2190580503833583,1940.0,95.7075,127.9575
2022-05-03,43.67,38,52,64.9000032,27.73220257142857,85.2944092857143,59.424999499999984,1940.0,96.12,127.98,0.0,0.0,1.445910290237462,-0.093676814988286,1940.0,95.7275,127.93
2022-05-10,50.62,38,52,92.2000012,26.625656285714285,87.69518714285714,56.600000774999984,1940.0,95.62,127.92,0.0,0.0,-0.5201831044527649,-0.0468823253633399,1940.0,95.44,127.955
2022-05-17,42.81,38,52,459.400029,25.62178714285714,90.67140842857144,165.27500849999998,1940.0,96.37,128.08,0.0,0.0,0.7843547375026239,0.1250781738586726,1940.0,95.715,128.02
2022-05-24,46.24,38,52,99.80000055,25.772381857142857,89.03462928571427,179.0750084875,1940.0,95.22318475146764,127.88,0.0,0.0,-1.1900127099018,-0.1561524047470452,1940.0,95.8332961878669,127.965
2022-05-31,47.45,38,52,39.5999997,26.26166914285714,86.50328357142858,172.7500076125,2040.0,94.81023626199008,128.14,0.0,5.154639175257736,-0.433663808404805,0.203315608382848,1965.0,95.50585525336444,128.005
2022-06-07,48.17,38,52,88.80000609999999,26.336073285714285,88.28702214285714,171.90000883749997,2040.0,94.54896703594312,128.28,0.0,0.0,-0.2755706939965852,0.1092555017949248,1990.0,95.2380970123502,128.095
2022-06-14,47.24,38,52,89.9000004,25.822679142857144,88.42397942857143,79.52500168749997,2040.0,94.91970240553938,128.68,0.0,0.0,0.3921093812218279,0.3118178983473774,2015.0,94.87552261373506,128.245
2022-06-21,44.93,38,52,86.4000027,25.61940671428572,88.5576862857143,76.17500222499997,2040.0,94.64578773935212,128.23,0.0,0.0,-0.2885751421943805,-0.3497046938141235,2040.0,94.73117336070618,128.33249999999998
2022-06-28,48.44,38,52,85.7000002,25.67297728571429,88.76914257142857,87.70000234999998,2040.0,94.99878993549046,128.47,0.0,0.0,0.3729719035256984,0.1871636902440965,2040.0,94.77831177908126,128.415
2022-07-05,51.65,38,52,125.7000005,25.170596142857143,89.96534142857142,96.92500094999995,2040.0,94.743447194053,128.05,0.0,0.0,-0.2687852567499593,-0.326924573830456,2040.0,94.82693181860874,128.35750000000002
2022-07-12,44.69,38,52,94.300004,25.258095714285712,88.45840928571428,98.02500184999998,2040.0,95.00189560110016,128.1,0.0,0.0,0.2727876330252288,0.039047247169055,2040.0,94.84748011749892,128.2125
2022-07-19,41.71,38,52,59.6000007,25.68488185714286,88.54317514285715,91.32500134999998,2040.0,95.27025577179243,128.43,0.0,0.0,0.2824787537072826,0.2576112412178144,2040.0,95.00359712560902,128.2625
2022-07-26,48.23,38,52,27.6999983,25.72178671428572,89.21361142857143,76.82500087499997,2040.0,95.23701812656948,128.02,0.0,0.0,-0.0348877463943964,-0.3192400529471229,2040.0,95.06315417337878,128.15
2022-08-02,46.65,38,52,286.399998,25.230120142857142,89.90108357142857,117.00000024999996,2040.0,94.966712401355,128.31,0.0,0.0,-0.2838242214337816,0.2265271051398176,2040.0,95.11897047520426,128.215
2022-08-09,41.53,38,52,51.0000036,25.71315642857143,87.39033442857144,106.17500014999996,2040.0,94.725868628233,127.5,0.0,0.0,-0.2536086245716551,-0.6312836100070163,2040.0,95.04996373198748,128.065
2022-08-16,43.89,38,52,15.3999993,26.19559642857143,88.49038800000001,95.12499979999996,2040.0,95.23707677059618,128.08,0.0,0.0,0.539671105439532,0.4549019607843263,2040.0,95.04166898168842,127.97750000000002
2022-08-23,46.48,38,52,126.5999992,24.97654728571429,90.33755071428573,119.85000002499996,2040.0,94.58524218243296,127.53,0.0,0.0,-0.6844336368422188,-0.4294191130543523,2040.0,94.87872499565428,127.855
2022-08-30,50.86,38,52,73.999999,25.053037,90.41968442857144,66.75000027499998,2040.0,95.05436713391272,127.9,0.0,0.0,0.4959811284036552,0.2901278130635898,2040.0,94.90063867879373,127.7525
2022-09-06,51.26,38,52,86.700006,25.40452471428572,88.55322242857143,75.67500087499997,2040.0,94.56433232976102,128.22,1.0,0.0,-0.515531078610354,0.2501954652071925,2040.0,94.86025460417572,127.9325
2022-09-13,46.64,38,52,48.8999977,25.62982285714286,88.204832,84.05000047499998,2040.0,94.95277949149497,127.53,1.0,0.0,0.4107755558188319,-0.5381375760411755,2040.0,94.78918028440044,127.795
2022-09-20,45.47,38,52,14.9000001,25.861370571428573,87.47520357142857,56.12500069999997,2040.0,95.37253508441886,128.03,1.0,0.0,0.4420677258441863,0.3920646122480997,2040.0,94.98600350989688,127.92
2022-09-27,50.0,38,52,16.9000001,26.12267857142857,86.46224328571428,41.85000097499997,2040.0,95.12313014266331,127.91,1.0,0.0,-0.2615060421061299,-0.0937280324923905,2040.0,95.00319426208452,127.9225
2022-10-04,42.78,38,52,58.3000006,25.31047757142857,88.71517671428572,34.74999962499997,2040.0,95.09078581022186,127.98,1.0,0.0,-0.0340025947347832,0.0547259792041288,2040.0,95.13480763219977,127.8625
2022-10-11,39.51,38,52,12.49999975,25.91434642857143,87.81684728571429,25.650000137499973,2040.0,94.55948108786096,128.55,1.0,0.0,-0.5587341800090462,0.445382090951707,2040.0,95.03648303129124,128.1175
2022-10-18,44.58,38,52,63.699997,25.202144285714287,89.83455571428571,37.84999936249997,2040.0,94.5026501373345,128.02,1.0,0.0,-0.0601007428051136,-0.4122909373784567,2040.0,94.81901179452016,128.115
2022-10-25,48.11,38,52,12.49999854,25.991727142857144,87.25289142857143,36.74999897249997,2040.0,94.83369677493904,128.59,1.0,0.0,0.3503040783760625,0.4452429307920669,2040.0,94.74665345258909,128.28500000000005
2022-11-01,44.11,38,52,45.8999987,25.78220271428572,88.22458428571429,33.649998497499965,2040.0,95.07732637025444,127.95,1.0,0.0,0.2569019279018425,-0.4977058869274464,2040.0,94.74328859259722,128.2775
2022-11-08,49.81,38,52,36.00000224,25.826847571428573,87.20491314285714,39.52499911999997,2040.0,94.83891557690356,127.88,1.0,0.0,-0.2507546251589443,-0.0547088706526088,2040.0,94.81314721485788,128.11
2022-11-15,41.01,38,52,52.6000013,25.46672571428571,87.7469932857143,36.75000019499997,2040.0,94.9047815774174,127.87,1.0,0.0,0.0694503939792756,-0.0078198310916377,2040.0,94.9136800748786,128.07250000000002
2022-11-22,51.58,38,52,5.100000140000001,25.842025000000003,80.90386214285715,34.90000059499997,2040.0,94.85750713339009,128.06,1.0,0.0,-0.0498124996881732,0.1485884101040113,2040.0,94.91963266449136,127.94
2022-11-29,43.1,38,52,16.3999984,25.87654942857143,86.94175485714287,27.52500051999997,2040.0,94.95076264913864,128.05,1.0,0.0,0.0983111601461583,-0.0078088396064268,2040.0,94.88799173421242,127.965
2022-12-06,43.93,38,52,7.20000015,26.08220414285714,85.437457,20.32499999749997,2040.0,94.95231549224684,127.92,1.0,0.0,0.0016354193108858,-0.1015228426396008,2040.0,94.91634171304824,127.975
2022-12-13,47.52,38,52,81.699996,25.088750428571423,84.60041700000001,27.59999867249997,2040.0,95.04379241718362,127.82,1.0,0.0,0.0963398569719498,-0.0781738586616676,2040.0,94.9510944229898,127.9625
2022-12-20,50.93,38,52,0.0,26.30422685714285,79.73191285714286,26.32499863749997,2040.0,94.90797642776622,127.62,1.0,0.0,-0.1428983271429929,-0.1564700359880988,2040.0,94.96371174658384,127.8525
2022-12-27,40.5,37,48,5.8,26.535179714285714,82.73544914285715,23.67499903749997,2040.0,94.74068882309987,127.35,1.0,0.0,-0.1762629559314943,-0.2115655853314635,2040.0,94.91119329007412,127.6775
2023-01-03,46.81,37,48,0.0,25.86494114285714,73.61684585714286,21.87499899999997,2040.0,94.5889780480007,124.9,1.0,0.0,-0.1601326494284349,-1.923831959167644,2040.0,94.8203589290126,126.9225
2023-01-10,42.12,37,48,0.0,25.92386857142857,71.00937857142857,1.4499999999999715,2040.0,95.2336461393816,124.72,1.0,0.0,0.681546734814864,-0.1441152922337929,2040.0,94.8678223595621,126.1475
2023-01-17,44.78,37,48,0.1,25.92476428571429,70.74297714285714,1.4749999999999714,2040.0,94.86528749802278,125.32,1.0,0.0,-0.3867946427460134,0.4810776138550299,2040.0,94.85715012712625,125.5725
2023-01-24,47.53,37,48,15.300001,25.96702471428572,75.5914327142857,3.850000249999972,2040.0,94.68323992151674,124.72,1.0,0.0,-0.1919011487840904,-0.4787743376954978,2040.0,94.84278790173046,124.915
2023-01-31,43.86,37,48,8.900000200000001,25.74232157142857,81.49239771428572,6.075000299999972,2040.0,94.84847448690324,125.0,1.0,0.0,0.1745130030652353,0.2245028864656939,2040.0,94.9076620114561,124.94
2023-02-07,39.03,37,48,0.2,26.35303657142857,81.48236999999999,6.125000299999972,2040.0,94.67051619779689,124.8,1.0,0.0,-0.1876237757845289,-0.1600000000000045,2040.0,94.76687952605992,124.96
2023-02-14,40.46,37,48,0.0,26.24559485714286,74.15105342857143,6.100000299999971,2040.0,94.82712875017546,124.6,1.0,0.0,0.1654290677483683,-0.1602564102564097,2040.0,94.75733983909808,124.78
2023-02-21,38.79,37,48,0.5,26.89857157142857,75.33558571428571,2.400000049999972,2040.0,94.65010226994346,125.02,1.0,0.0,-0.1866833706400394,0.3370786516853963,2040.0,94.74905542620476,124.855
2023-02-28,44.77,37,48,0.0,27.394405142857146,69.166124,0.1749999999999715,2040.0,95.30414556738828,124.66,1.0,0.0,0.6910117176413433,-0.2879539273716203,2040.0,94.86297319632602,124.77
2023-03-07,37.93,37,48,0.6,28.053035,70.03239214285715,0.2749999999999715,2040.0,95.02785307400497,124.9,1.0,0.0,-0.2899060599498737,0.1925236643670835,2040.0,94.95230741537804,124.795
2023-03-14,45.45,37,48,4.9,28.051550142857145,76.85557700000001,1.4999999999999716,2040.0,95.3437548680848,125.35,1.0,0.0,0.3324307388422376,0.360288230584449,2040.0,95.08146394485536,124.9825
2023-03-21,46.52,37,48,10.49999985,27.553929,79.03466571428571,3.999999962499972,2040.0,95.435086122682,125.0,1.0,0.0,0.0957915436869072,-0.2792181890705958,2040.0,95.27770990804,124.9775
2023-03-28,37.26,37,48,14.0,28.047085,81.44903514285714,7.499999962499972,2040.0,94.85555950107806,125.17,1.0,0.0,-0.6072469205496867,0.1360000000000027,2040.0,95.16556339146246,125.105
2023-04-04,37.72,37,48,21.9000008,27.687856714285715,81.21320385714286,12.825000162499972,2040.0,94.91580712683476,124.9,1.0,0.0,0.0635151234925857,-0.2157066389709916,2040.0,95.13755190466992,125.105
2023-04-11,43.02,37,48,4.3999997,28.29291685714286,82.60224500000001,12.700000087499973,2040.0,95.05544445401296,125.12,1.0,0.0,0.1471170413075651,0.1761409127301938,2040.0,95.06547430115194,125.0475
2023-04-18,38.91,37,48,13.4999994,29.089641,78.88793157142857,13.449999974999972,2040.0,94.91293004467104,124.82,1.0,0.0,-0.149927666069527,-0.2397698209718801,2040.0,94.93493528164922,125.0025
2023-04-25,39.57,37,48,58.300001,28.03220371428572,83.09886857142858,24.52500022499997,2040.0,95.47135669180372,125.14,1.0,0.0,0.5883567674813683,0.2563691716071181,2040.0,95.08888457933062,124.995
2023-05-02,43.24,37,48,84.800002,27.105119857142856,85.71815485714286,40.250000524999976,2040.0,94.95241965185066,124.51,1.0,0.0,-0.5435525983235712,-0.5034361515103059,2040.0,95.0980377105846,124.8975
2023-05-09,38.37,37,48,59.0999988,27.61136871428572,85.60733942857144,53.92500029999997,2040.0,94.82599708608394,125.25,1.0,0.0,-0.1331430691605906,0.5943297727090124,2040.0,95.04067586860234,124.93
2023-05-16,45.08,37,48,28.69999865,28.548274285714285,85.06036714285713,57.72500011249997,2040.0,94.53790022662734,125.35,1.0,0.0,-0.3038163249631465,0.0798403193612795,2040.0,94.9469184140914,125.0625
2023-05-23,47.32,37,48,23.8000012,27.61434842857143,86.33681285714286,49.10000016249997,2040.0,94.69411526492313,124.74,1.0,0.0,0.1652406473184875,-0.4866374152373343,2040.0,94.75260805737128,124.9625
2023-05-30,45.7,37,48,40.2000061,27.864048142857143,86.91615571428572,37.95000118749997,2183.0,94.9611712201938,124.45,1.0,7.009803921568625,0.282019589626592,-0.2324835658168877,2075.75,94.75479594945703,124.9475
2023-06-06,43.16,37,48,87.300003,27.12773914285714,86.52677628571429,45.00000223749997,2183.0,95.48122139280648,124.89,1.0,0.0,0.5476450700116153,0.3535556448372778,2111.5,94.91860202613768,124.8575
2023-06-13,42.95,37,48,85.30000489999999,26.90035814285714,87.12673771428571,59.150003799999965,2183.0,95.14155862789842,124.78,1.0,0.0,-0.3557377670219463,-0.0880775082072182,2147.25,95.06951662645544,124.715
2023-06-20,46.14,37,48,40.1999972,26.45630985714285,88.63937942857144,63.25000279999997,2183.0,94.98359353990224,124.69,1.0,0.0,-0.1660316377766979,-0.0721269434204252,2183.0,95.14188619520024,124.7025
2023-06-27,43.6,37,48,106.9999961,26.03041728571429,88.64910714285715,79.95000029999997,2183.0,95.13484105394288,125.32,1.0,0.0,0.1592354094047676,0.5052530275082123,2183.0,95.1853036536375,124.92
2023-07-04,47.43,37,48,297.400001,25.315238142857144,91.27135871428573,132.47499979999998,2183.0,95.21949491810489,125.28,1.0,0.0,0.0889830300068617,-0.0319182891796887,2183.0,95.1198720349621,125.0175
2023-07-11,41.74,37,48,98.6000003,25.685775,89.94847357142858,135.79999864999996,2183.0,94.62374875189722,124.65,1.0,0.0,-0.6256556671719871,-0.5028735632183867,2183.0,94.99041956596182,124.985
2023-07-18,45.21,37,48,58.0999971,26.26077471428572,87.85128571428571,140.27499862499997,2183.0,94.84433000128703,125.25,1.0,0.0,0.2331140462086045,0.4813477737665383,2183.0,94.955603681308,125.125
2023-07-25,43.98,37,48,70.2000046,25.37119057142857,89.71359071428571,131.07500074999996,2183.0,95.1258924176417,124.62,1.0,0.0,0.2968679480901404,-0.5029940119760434,2183.0,94.95336652223271,124.95
2023-08-01,38.64,37,48,15.0000002,26.475658000000003,86.71799342857142,60.47500054999997,2183.0,95.11731166855812,124.39,1.0,0.0,-0.0090204137543348,-0.1845610656395435,2183.0,94.92782070984602,124.7275
2023-08-08,38.54,37,48,22.9999992,26.530717,87.93535428571428,41.57500027499997,2183.0,95.00194707746478,124.97,1.0,0.0,-0.1212866396974488,0.4662754240694511,2183.0,95.0223702912379,124.8075
2023-08-15,42.01,37,48,19.5999999,26.341727428571428,87.73688700000001,31.950000974999973,2183.0,95.3661197874619,125.12,1.0,0.0,0.3833318381360806,0.1200288069136634,2183.0,95.15281773778162,124.775
2023-08-22,47.83,37,48,11.0000005,26.81999971428572,87.57119914285714,17.149999949999973,2183.0,94.77426921625565,124.71,1.0,0.0,-0.6206088415102617,-0.3276854219948943,2183.0,95.06491193743511,124.7975
2023-08-29,43.45,37,48,70.40000140000001,26.70035742857143,88.17846571428572,31.00000024999997,2183.0,94.78921763065289,125.27,1.0,0.0,0.0157726506580857,0.4490417769224653,2183.0,94.9828884279588,125.0175
2023-09-05,46.08,37,48,183.500002,25.062858857142857,91.79056428571428,71.12500094999997,2183.0,94.86918854055308,125.05,1.0,0.0,0.0843670956456321,-0.1756206593757525,2183.0,94.94969879373087,125.0375
2023-09-12,38.93,37,48,166.400003,25.55660757142857,90.249025,107.82500172499996,2183.0,94.87821738576471,124.36,1.0,0.0,0.0095171523552872,-0.5517792882846817,2183.0,94.82772319330658,124.8475
2023-09-19,42.64,37,48,164.299996,25.459881285714285,90.92950428571427,146.15000059999997,2183.0,95.46337004828624,125.11,1.0,0.0,0.6167407848129747,0.6030878095850678,2183.0,94.99999840131424,124.9475
2023-09-26,47.48,37,48,126.8000073,25.718810571428573,89.952552,160.250002075,2183.0,95.43599460208146,124.97,1.0,0.0,-0.0286763878029061,-0.1119015266565437,2183.0,95.16169264417138,124.8725
2023-10-03,41.91,37,48,103.1000032,25.963749714285715,89.670715,140.150002375,2183.0,94.5122201362354,124.57,1.0,0.0,-0.9679518400764088,-0.3200768184364322,2183.0,95.07245054309196,124.7525
2023-10-10,39.28,37,48,58.4000035,26.595894428571427,86.03003571428572,113.15000249999996,2183.0,94.53470796863776,125.28,1.0,0.0,0.0237935712122272,0.5699606646865307,2183.0,94.9865731888102,124.9825
2023-10-17,40.97,37,48,132.4999974,26.123274142857145,88.47932228571429,105.20000284999998,2183.0,95.46699695342318,125.32,1.0,0.0,0.986186983403714,0.0319284802043462,2183.0,94.98747991509444,125.035
2023-10-24,44.86,37,48,48.39999985,26.05720471428572,88.78244785714286,85.60000098749998,2183.0,94.90862926365992,125.38,1.0,0.0,-0.5848803330806285,0.0478774337695497,2183.0,94.85563858048906,125.1375
2023-10-31,37.33,37,48,97.299999,26.14321542857143,89.02208271428572,84.14999993749997,2183.0,95.30664067561392,124.94,1.0,0.0,0.4193627229072127,-0.3509331631839196,2183.0,95.0542437153337,125.23
2023-11-07,46.39,37,48,124.400004,25.939642428571428,89.29642214285715,100.65000006249998,2183.0,94.90761898909687,124.84,1.0,0.0,-0.4186714416628767,-0.080038418440842,2183.0,95.14747147044848,125.12
2023-11-14,40.51,37,48,8.5999999,26.780715,86.40546657142856,69.67500068749997,2183.0,94.6443587476379,125.18,1.0,0.0,-0.2773857823671899,0.2723486062159663,2183.0,94.94181191900216,125.085
2023-11-21,47.6,37,48,95.6,26.518215142857144,89.31381642857143,81.47500072499997,2183.0,95.1909607896298,125.29,1.0,0.0,0.5775326170779804,0.0878734622144161,2183.0,95.01239480049465,125.0625
2023-11-28,40.13,37,48,17.9,27.01613242857143,84.63671428571429,61.62500097499997,2183.0,95.1608563828371,125.04,1.0,0.0,-0.0316252788531423,-0.1995370739883428,2183.0,94.97594872730042,125.0875
2023-12-05,47.88,37,48,8.0999999,26.861965285714287,86.70541914285715,32.54999994999997,2183.0,95.30666261824553,125.41,1.0,0.0,0.1532208104788823,0.2959053103007036,2183.0,95.07570963458758,125.23
2023-12-12,44.06,37,48,19.8999997,26.80571657142857,84.66754857142857,35.37499989999997,2183.0,94.56784936999932,124.6,1.0,0.0,-0.7751958026329664,-0.6458815086516245,2183.0,95.05658229017791,125.085
2023-12-19,45.36,37,48,32.300000000000004,26.858990857142857,82.22756014285714,19.54999989999997,2183.0,94.85227692306884,125.1,1.0,0.0,0.3007655931316355,0.4012841091492802,2183.0,94.9719113235377,125.0375
2023-12-26,49.79,35,50,0.2,27.436964714285715,74.06405657142857,15.124999899999974,2183.0,94.6619873280395,123.99,1.0,0.0,-0.2006167919233803,-0.8872901678657064,2183.0,94.8471940598383,124.775
2024-01-02,49.06,35,50,91.100003,27.35571557142857,78.68962185714285,35.87500067499997,2183.0,95.24417331939864,124.18,1.0,0.0,0.6150156021356823,0.1532381643680969,2183.0,94.83157173512656,124.4675
2024-01-09,41.24,35,50,76.700006,26.45273857142857,83.49827057142856,50.07500224999997,2183.0,95.1606589827314,123.67,1.0,0.0,-0.0876844574913549,-0.4106941536479391,2183.0,94.9797741383096,124.235
2024-01-16,42.04,35,50,11.4000005,26.522381428571432,80.97790085714284,44.85000237499997,2183.0,94.83082972345912,124.1,1.0,0.0,-0.3466025380637005,0.3476995229239055,2183.0,94.97441233840716,123.985
2024-01-23,38.0,35,50,68.50000299999999,27.04143,83.59070571428572,61.925003124999975,2183.0,94.79614755614833,124.19,1.0,0.0,-0.0365726709467106,0.0725221595487601,2183.0,95.00795239543436,124.035
2024-01-30,44.75,35,50,1.4,27.68041657142857,72.91230499999999,39.500002374999966,2183.0,94.98566192503137,123.95,1.0,0.0,0.1999177959956632,-0.1932522747403076,2183.0,94.94332454684256,123.9775
2024-02-06,41.66,35,50,2.1000001,28.07863171428572,74.63732785714286,20.85000089999997,2183.0,95.29323291373868,124.19,1.0,0.0,0.3238078068562133,0.1936264622831807,2183.0,94.97646802959436,124.1075
2024-02-13,42.7,35,50,0.4,28.687858142857145,70.83258785714285,18.10000077499997,2183.0,95.32675738128653,124.15,1.0,0.0,0.0351803234319936,-0.032208712456716,2183.0,95.10044994405122,124.12
2024-02-20,45.64,35,50,18.900001,28.549166142857143,76.72612285714285,5.700000274999971,2183.0,95.03619560035816,123.55,1.0,0.0,-0.304806109963629,-0.4832863471606941,2183.0,95.16046195510368,123.96
2024-02-27,39.78,35,50,5.6000000000000005,29.019107285714284,72.59140642857143,6.750000274999972,2183.0,95.12751233732844,124.14,1.0,0.0,0.0960862715446708,0.4775394577094305,2183.0,95.19592455817796,124.0075
2024-03-05,38.48,35,50,6.30000015,28.743811,76.015762,7.800000287499971,2183.0,95.14187340863216,123.73,1.0,0.0,0.015096653902602,-0.3302722732398844,2183.0,95.15808468190131,123.8925
2024-03-12,40.49,35,50,18.5000004,28.663751285714287,78.94236599999999,12.325000387499973,2183.0,94.77744658706732,124.27,1.0,0.0,-0.3830351542476351,0.4364341711791786,2183.0,95.02075698334652,123.9225
2024-03-19,47.02,35,50,15.20000024,28.43726257142857,78.58924485714286,11.40000019749997,2183.0,94.7737386819713,123.82,1.0,0.0,-0.0039122230335864,-0.3621147501408295,2183.0,94.9551427537498,123.99
2024-03-26,48.02,35,50,42.7999977,28.266131142857144,81.64922057142857,20.69999962249997,2183.0,94.65502703318914,123.79,1.0,0.0,-0.1252579569331002,-0.0242287191083767,2183.0,94.837021427715,123.9025
2024-04-02,42.38,35,50,68.9000011,28.38101257142857,83.3970792857143,36.34999985999997,2183.0,94.92060063621362,124.09,1.0,0.0,0.2805699933204453,0.2423459083932488,2183.0,94.78170323461036,123.9925
2024-04-09,45.23,35,50,71.8000021,28.863752285714288,81.55596657142857,49.67500028499997,2183.0,94.96278959853038,123.92,1.0,0.0,0.0444465817051042,-0.136997340639855,2183.0,94.82803898747612,123.905
2024-04-16,40.44,35,50,24.1999986,28.71910857142857,82.97350642857143,51.92499987499997,2183.0,95.3606480951544,124.44,1.0,0.0,0.4189625202734914,0.4196255648805547,2183.0,94.97476634077188,124.06
2024-04-23,47.92,35,50,49.900001,29.21255971428572,82.816404,53.70000069999997,2183.0,95.2390333991162,123.93,1.0,0.0,-0.1275313228962682,-0.4098360655737654,2183.0,95.12076793225364,124.095
2024-04-30,35.34,35,50,33.7000015,29.570299857142857,81.82639857142858,44.90000079999997,2183.0,94.9284789366906,124.44,1.0,0.0,-0.3260789734437663,0.411522633744843,2183.0,95.12273750737288,124.1825
2024-05-07,38.97,35,50,64.4000023,29.73666571428572,77.1368,43.050000849999975,2183.0,94.93871807113187,124.4,1.0,0.0,0.0107861566475797,-0.032144005143031,2183.0,95.11671962552326,124.3025
2024-05-14,44.42,35,50,186.39999904,27.93190585714285,87.4358057142857,83.60000095999997,2183.0,95.09390270788592,123.74,1.0,0.0,0.1634576913475571,-0.5305466237942258,2183.0,95.05003327870617,124.1275
2024-05-21,49.87,35,50,506.300026,26.28279971428572,91.89171971428571,197.70000721,2183.0,94.87878884890983,123.7,1.0,0.0,-0.2262120418349833,-0.0323258445126817,2183.0,94.95997214115457,124.07
2024-05-28,46.33,35,50,476.999999,26.184583428571425,91.96439571428571,308.525006585,2183.0,94.5534852337368,124.05,1.0,0.0,-0.3428623184588364,0.282942603071934,2183.0,94.86622371541613,123.9725
2024-06-04,43.47,35,50,178.699994,26.336669142857144,91.23448085714288,337.10000451,2300.0,94.99330416448603,123.71,1.0,5.359596885020612,0.4651535896979419,-0.2740830310358766,2212.25,94.87987023875463,123.8
2024-06-11,46.14,35,50,95.000001,26.13131057142857,90.35920285714283,314.250005,2300.0,94.58032237083236,123.47,1.0,0.0,-0.4347483196695312,-0.1940021016894277,2241.5,94.75147515449126,123.7325
2024-06-18,45.84,35,50,151.500004,25.993214285714288,90.08293928571428,225.5499995,2300.0,95.46744474069712,123.53,1.0,0.0,0.9379565935359268,0.0485948003563718,2270.75,94.89863912743807,123.69
2024-06-25,44.85,35,50,259.899995,25.51553571428571,90.95699,171.27499849999998,2300.0,95.03160459688507,123.96,1.0,0.0,-0.4565327426494403,0.3480935805067586,2300.0,95.01816896822514,123.6675
2024-07-02,40.38,35,50,68.90000429999999,26.23726271428572,89.60210285714287,143.82500107499996,2300.0,95.01541680083778,124.09,1.0,0.0,-0.0170341184029809,0.1048725395288885,2300.0,95.02369712731308,123.7625
2024-07-09,37.44,35,50,102.0999986,25.898275285714284,88.58919300000001,145.60000047499997,2300.0,95.00261962067684,123.65,1.0,0.0,-0.0134685302573211,-0.3545813522443319,2300.0,95.1292714397742,123.8075
2024-07-16,36.34,35,50,182.100004,25.40541742857143,90.73606571428571,153.25000047499998,2300.0,94.55237454752364,124.49,1.0,0.0,-0.4739291136927837,0.6793368378487541,2300.0,94.90050389148084,124.0475
2024-07-23,49.21,35,50,46.4000008,26.350060428571428,88.71727628571429,99.87500192499996,2300.0,95.1973926512643,124.04,1.0,0.0,0.6821807562500171,-0.3614748172543924,2300.0,94.94195090507564,124.0675
2024-07-30,42.45,35,50,133.1999977,25.36672642857143,91.008712,115.95000027499998,2300.0,95.3253251054652,124.17,1.0,0.0,0.1343865106364417,0.1048049016446173,2300.0,95.0194279812325,124.0875
2024-08-06,44.02,35,50,49.0999993,25.941133142857144,88.81659928571428,102.70000044999998,2300.0,94.54313848022132,124.9,1.0,0.0,-0.8205444087166724,0.5879036804381066,2300.0,94.90455769611862,124.4
2024-08-13,41.33,35,50,84.2000026,26.379822,88.89984942857143,78.22500009999999,2300.0,94.83800883584308,124.06,1.0,0.0,0.3118897472220716,-0.6725380304243411,2300.0,94.97596626819848,124.2925
2024-08-20,40.93,35,50,46.1999973,26.275954,88.24012171428572,78.17499922499998,2300.0,94.50780063741878,124.5,1.0,0.0,-0.3481812856234278,0.3546670965661747,2300.0,94.8035682647371,124.4075
2024-08-27,37.66,35,50,69.4000028,25.78398842857143,87.61923142857142,62.22500049999997,2300.0,94.6256609320208,124.0,1.0,0.0,0.124709594136263,-0.4016064257028162,2300.0,94.628652221376,124.365
2024-09-03,49.26,35,50,52.1,25.826251428571428,88.34587271428572,62.97500067499997,2300.0,94.73146001108694,124.14,1.0,0.0,0.1118080212323624,0.1129032258064599,2300.0,94.67573260409242,124.175
2024-09-10,39.81,35,50,60.8999971,25.936371,88.694956,57.14999929999997,2300.0,94.89702129451273,124.39,1.0,0.0,0.1747690613091101,0.2013855324633384,2300.0,94.69048571875982,124.2575
2024-09-17,38.62,35,50,22.8000011,26.530714714285715,86.64176942857144,51.30000024999997,2300.0,95.36912819456283,124.08,1.0,0.0,0.497493908249158,-0.2492161749336752,2300.0,94.90581760804582,124.1525
2024-09-24,47.67,35,50,48.2999987,26.335178285714285,86.89967328571429,46.02499922499997,2300.0,95.32016101494996,123.92,1.0,0.0,-0.0513448959216344,-0.128949065119277,2300.0,95.07944262877812,124.1325
2024-10-01,45.64,35,50,44.1000008,26.83875142857143,88.04252071428571,44.024999424999976,2300.0,95.45391535946484,124.04,1.0,0.0,0.1403211483181454,0.0968366688185895,2300.0,95.26005646587258,124.1075
2024-10-08,40.6,35,50,95.5000057,25.819405857142858,89.45902285714286,52.675001574999975,2300.0,94.76085566487689,123.63,1.0,0.0,-0.7260673299549825,-0.3305385359561485,2300.0,95.22601505846364,123.9175
2024-10-15,45.0,35,50,93.8000056,25.67743985714285,88.42998357142856,70.42500269999998,2300.0,95.17176160829852,123.87,1.0,0.0,0.4336241378769534,0.1941276389225921,2300.0,95.17667341189755,123.865
2024-10-22,42.72,35,50,89.000001,26.02089285714285,89.67554742857143,80.60000327499998,2300.0,95.0814196975859,123.47,1.0,0.0,-0.0949251218911428,-0.3229191894728367,2300.0,95.11698808255652,123.7525
2024-10-29,47.25,35,50,23.1000011,26.367917285714288,87.48764785714286,75.35000334999998,2300.0,95.031608694832,124.17,1.0,0.0,-0.0523877355979029,0.5669393374909015,2300.0,95.01141141639832,123.785
2024-11-05,39.66,35,50,63.9999981,25.78398957142857,88.85640957142857,67.47500144999998,2300.0,95.02929819037092,124.05,1.0,0.0,-0.0024313010090093,-0.0966417008939402,2300.0,95.07852204777184,123.89
2024-11-12,47.88,35,50,36.300001,26.63756057142857,86.07078,53.10000029999997,2300.0,94.85610803925944,123.68,1.0,0.0,-0.1822492161991262,-0.2982668278919687,2300.0,94.99960865551206,123.8425
2024-11-19,35.43,35,50,22.8999998,27.21196571428572,82.54085928571429,36.57499999999997,2300.0,95.42214918866686,124.1,1.0,0.0,0.5967366373214045,0.3395860284605367,2300.0,95.08479102828232,124.0
2024-11-26,44.49,35,50,19.8000002,27.39321485714285,80.44186657142858,35.74999977499997,2300.0,94.83887718073323,123.81,1.0,0.0,-0.6112543187225761,-0.2336825141015297,2300.0,95.0366081497576,123.91
2024-12-03,40.64,35,50,56.59999909999999,26.37506042857143,86.25694971428571,33.90000002499997,2300.0,94.57021994440856,123.55,1.0,0.0,-0.2832775379791763,-0.2099991923108057,2300.0,94.92183858826702,123.785
2024-12-10,49.77,35,50,67.6999978,26.429525285714284,85.93697571428571,41.74999922499997,2300.0,94.59663802549566,124.43,1.0,0.0,0.0279348838382986,0.7122622420072888,2300.0,94.85697108482609,123.9725
2024-12-17,49.81,35,50,4.3,26.61553542857143,80.47251514285713,37.09999927499997,2300.0,94.51659888032444,124.2,1.0,0.0,-0.0846109828445018,-0.1848428835489857,2300.0,94.63058350774048,123.9975
2024-12-31,48.43,45,54,0.8999999999999999,28.02773942857143,68.97313685714286,19.599999449999974,2300.0,95.46779425461372,122.96,1.0,0.0,0.63611980493401,-0.4936473254026019,2300.0,94.86134363474898,123.79
2025-01-07,46.32,45,54,0.4,27.36226314285714,65.46164785714286,2.7749999999999715,2300.0,94.99558827039117,123.45,1.0,0.0,-0.4946233312599357,0.3985035783994783,2300.0,94.96108119597284,123.545
2025-01-14,49.32,45,54,5.8,27.85333357142857,72.40959628571429,3.1499999999999715,2300.0,94.59431743682184,122.92,1.0,0.0,-0.4224099675315118,-0.4293236127987043,2300.0,94.9805108350972,123.225
2025-01-21,46.61,45,54,3.2999998,27.72029771428572,72.16291528571428,2.5999999499999715,2300.0,94.63953588386778,123.07,1.0,0.0,0.0478024983648017,0.1220305890009765,2300.0,94.92430896142362,123.1
2025-01-28,51.96,45,54,2.6,28.346190142857147,63.88447228571429,3.024999949999972,2300.0,94.5522696899835,123.34,1.0,0.0,-0.0922090256141539,0.2193873405379243,2300.0,94.69542782026608,123.195
2025-02-04,45.84,45,54,5.2000001000000005,27.941429714285714,72.46132628571429,4.224999974999971,2300.0,95.25774971852096,123.46,1.0,0.0,0.7461270161473355,0.0972920382682041,2300.0,94.76096818229853,123.1975
2025-02-11,47.76,45,54,0.0,28.096785,66.88294785714285,2.774999974999972,2300.0,94.53535718670392,122.46,1.0,0.0,-0.7583556550009307,-0.809978940547551,2300.0,94.74622811976904,123.0825
2025-02-18,53.57,45,54,0.8,28.32893042857143,73.09515642857143,2.150000024999972,2300.0,95.13798095318629,122.61,1.0,0.0,0.6374586021737905,0.1224889759921632,2300.0,94.87083938709868,122.9675
2025-02-25,49.42,45,54,5.6000001,29.076251428571428,69.33637371428571,2.900000049999972,2300.0,95.1698944543381,123.16,1.0,0.0,0.0335444381224903,0.4485767881901914,2300.0,95.02524557818732,122.9225
2025-03-04,50.54,45,54,15.29999985,28.981605857142856,75.49441485714286,5.424999987499971,2300.0,95.45514665781178,123.77,1.0,0.0,0.2997294523748195,0.4952906787918154,2300.0,95.07459481301004,123.0
2025-03-11,53.88,45,54,14.300002,28.60809571428572,75.551424,9.000000487499971,2300.0,94.61553998563772,122.43,1.0,0.0,-0.8795824023862031,-1.0826533085561807,2300.0,95.09464051274348,122.9925
2025-03-18,45.8,45,54,56.100003,28.06910657142857,81.75446342857143,22.82500123749997,2300.0,95.4584507539834,123.51,1.0,0.0,0.8908798369418269,0.8821367311933281,2300.0,95.17475796294276,123.2175
2025-03-25,52.49,45,54,20.7000001,28.23874971428572,79.54083557142857,26.60000123749997,2300.0,94.87271963148524,122.74,1.0,0.0,-0.6135979767864841,-0.6234313011092341,2300.0,95.10046425722956,123.1125
2025-04-01,48.63,45,54,18.500001,28.340835,78.88576914285714,27.40000152499997,2300.0,95.31111074766308,123.28,1.0,0.0,0.4620834291255482,0.4399543751018475,2300.0,95.06445527969235,122.99
2025-04-08,52.52,45,54,46.10000004,27.732501285714285,83.66568685714286,35.35000103499997,2300.0,94.7249713820636,123.23,1.0,0.0,-0.6149748555037693,-0.0405580791693727,2300.0,95.09181312879883,123.19
2025-04-15,47.77,45,54,30.200001,27.98160842857143,82.311542,28.87500053499997,2300.0,95.48660250079188,123.14,1.0,0.0,0.8040447071304024,-0.0730341637588227,2300.0,95.09885106550097,123.0975
2025-04-22,52.12,45,54,29.1999991,28.37089542857143,80.80606,31.00000028499997,2300.0,95.47496571585,122.79,1.0,0.0,-0.0121868247870415,-0.2842293324671008,2300.0,95.24941258659214,123.11
2025-04-29,52.64,45,54,56.0999998,27.589940857142857,85.46482428571429,40.39999998499997,2300.0,94.74263571650134,122.89,1.0,0.0,-0.7670387665057676,0.0814398566658436,2300.0,95.1072938288017,123.0125
2025-05-06,48.0,45,54,18.70000005,28.431311571428573,81.03753657142856,33.54999998749997,2300.0,95.19243997612932,123.74,1.0,0.0,0.4747643510509158,0.6916754821384874,2300.0,95.22416097731814,123.14
2025-05-13,51.76,45,54,37.6000031,28.48994171428572,79.84177714285714,35.40000051249997,2300.0,94.58949210149564,123.24,1.0,0.0,-0.6333989072923041,-0.4040730564085937,2300.0,94.99988337749409,123.165
2025-05-20,45.6,45,54,129.1000078,26.97625085714285,87.22218557142857,60.37500268749997,2300.0,95.32093047476812,123.55,1.0,0.0,0.773276562778924,0.2515417072379122,2300.0,94.9613745672236,123.355
2025-05-27,52.83,45,54,370.700013,26.520297,88.98577414285715,139.02500598749998,2300.0,95.06377936433694,122.89,1.0,0.0,-0.2697740246033864,-0.5341966815054611,2300.0,95.04166047918253,123.355
2025-06-03,53.64,45,54,59.1000019,26.78785757142857,87.10543385714286,149.12500645,2369.0,94.51433592505649,122.38,1.0,3.0000000000000027,-0.5779734857528473,-0.4150052892830991,2317.25,94.8721344664143,123.015
2025-06-10,45.3,45,54,125.1999964,26.40601357142857,86.98495085714285,171.025004775,2369.0,95.30594534615034,122.58,1.0,0.0,0.8375548675721989,0.1634253963065823,2334.5,95.05124777757796,122.85
2025-06-17,49.88,45,54,209.0999863,25.655714,90.41319771428572,191.0249994,2369.0,95.46594228606534,123.07,1.0,0.0,0.1678771868154571,0.3997389459944545,2351.75,95.08750073040228,122.73
2025-06-24,53.6,45,54,113.8000025,25.66166857142857,89.67164857142858,126.79999677499995,2369.0,95.49759184118928,123.58,1.0,0.0,0.0331527185151392,0.4143983099049286,2369.0,95.19595384961536,122.9025
2025-07-01,45.52,45,54,55.2999986,25.77029942857143,89.07105714285714,125.84999594999996,2369.0,95.272307406605,123.27,1.0,0.0,-0.2359058801806535,-0.250849652047258,2369.0,95.38544672000248,123.125
2025-07-08,53.03,45,54,38.9000005,26.20898785714286,87.81764299999999,104.27499697499997,2369.0,95.33795810389108,123.13,1.0,0.0,0.0689084783114468,-0.1135718341851221,2369.0,95.39344990943768,123.2625
2025-07-15,51.69,45,54,186.700008,25.42833285714286,89.53984342857143,98.67500239999998,2369.0,94.735227295322,123.0,1.0,0.0,-0.6322044446476105,-0.1055794688540556,2369.0,95.21077116175184,123.245
2025-07-22,51.14,45,54,199.999997,24.80779885714286,91.37124185714286,120.22500102499998,2369.0,95.34957244486029,123.23,1.0,0.0,0.6484864892160491,0.1869918699187067,2369.0,95.17376631266958,123.1575
2025-07-29,53.3,45,54,76.0999984,25.69976342857143,88.36546,125.425000975,2369.0,94.92344744902094,124.04,1.0,0.0,-0.4469081348904558,0.657307473829416,2369.0,95.08655132327358,123.35
2025-08-05,49.76,45,54,102.4999975,25.60363157142857,89.30399285714284,141.32500022499997,2369.0,94.6621495981858,122.79,1.0,0.0,-0.2752721881234543,-1.0077394388906755,2369.0,94.91759919684726,123.265
2025-08-12,48.32,45,54,148.300005,25.073870142857142,89.71422257142856,131.72499947499998,2369.0,94.94773267312608,123.37,1.0,0.0,0.3016866573942067,0.472351168661933,2369.0,94.9707255412983,123.35750000000002
2025-08-19,48.08,45,54,58.800001,25.701251285714285,88.71173928571429,96.42500047499996,2369.0,95.13685207132134,123.07,1.0,0.0,0.1991826375110417,-0.2431709491772848,2369.0,94.91754544791354,123.3175
2025-08-26,47.8,45,54,96.0000067,25.776846428571428,88.68051200000001,101.40000254999995,2369.0,95.07485214646344,123.23,1.0,0.0,-0.0651691994301262,0.130007312911351,2369.0,94.95539662227416,123.115
2025-09-02,52.75,45,54,54.900001,25.60720471428571,88.29024214285714,89.50000342499996,2369.0,95.12834124624771,123.78,1.0,0.0,0.05625998734331,0.4463198896372589,2369.0,95.07194453428964,123.3625
2025-09-09,50.58,45,54,15.1999998,26.50512057142857,87.26405,56.225002124999975,2369.0,95.27611905764029,122.71,1.0,0.0,0.1553457250032641,-0.864436904184851,2369.0,95.1540411304182,123.1975
2025-09-16,46.85,45,54,75.0000005,26.05392914285714,87.69007857142857,60.27500199999997,2369.0,95.39271054765618,123.25,1.0,0.0,0.1223722074000122,0.4400619346426548,2369.0,95.21800574950193,123.2425
2025-09-23,53.73,45,54,83.2999999,25.656311428571428,88.70910557142858,57.10000029999998,2369.0,95.00436913731708,123.13,1.0,0.0,-0.4070975739232096,-0.0973630831643035,2369.0,95.20038499721532,123.2175
2025-09-30,53.87,45,54,40.1999993,26.405715571428573,86.62475742857143,53.42499987499997,2369.0,94.63139805356111,123.36,1.0,0.0,-0.3925830855388224,0.1867944448956437,2369.0,95.07614919904368,123.1125
2025-10-07,48.17,45,54,20.4999993,26.92744042857143,85.33573642857142,54.74999974999997,2369.0,95.0547127474424,123.22,1.0,0.0,0.4473300644271205,-0.1134889753566792,2369.0,95.02079762149418,123.24
2025-10-14,47.48,45,54,83.5999983,26.606905285714284,87.62351,56.89999919999997,2369.0,95.07721986776856,122.65,1.0,0.0,0.0236780688464888,-0.4625872423307808,2369.0,94.94192495152228,123.09
2025-10-21,45.63,45,54,88.00000159999999,25.675357285714284,89.63641085714286,58.074999624999975,2369.0,94.84031530992466,122.69,1.0,0.0,-0.2491706827075779,0.0326131267835316,2369.0,94.90091149467418,122.98
2025-10-28,53.33,45,54,50.600002,26.30363242857143,85.62469928571429,60.67500029999997,2369.0,95.44318732460664,123.37,1.0,0.0,0.6356706140335788,0.5542423995435808,2369.0,95.10385881243556,122.9825
2025-11-04,47.42,45,54,3.4000001,26.997084142857144,80.12767285714287,56.40000049999997,2369.0,95.32192994752094,122.92,1.0,0.0,-0.1270466551722471,-0.3647564237659106,2369.0,95.1706631124552,122.9075
2025-11-11,45.39,45,54,13.99999935,26.360180142857143,85.65483214285713,39.000000762499965,2369.0,95.06452626504644,123.23,1.0,0.0,-0.2700361633636849,0.252196550602024,2369.0,95.16748971177468,123.0525
2025-11-18,48.52,45,54,33.700000700000004,26.338454,87.24933928571429,25.42500053749997,2369.0,95.1681652893785,122.96,1.0,0.0,0.1090196610701088,-0.2191024912764794,2369.0,95.24945220663813,123.12
2025-11-25,46.32,45,54,26.899998,26.61613171428571,81.85689485714285,19.49999953749997,2369.0,94.81937752697884,123.01,1.0,0.0,-0.366496255695492,0.0406636304489449,2369.0,95.0934997572312,123.03
2025-12-02,46.29,45,54,25.1000008,26.350951857142856,83.36698485714285,24.92499971249997,2369.0,95.19070781718064,123.01,1.0,0.0,0.3916185698394248,0.0,2369.0,95.06069422464611,123.0525
2025-12-09,53.95,45,54,0.5,26.75035757142857,77.89176857142857,21.549999874999973,2369.0,94.73983932000624,122.79,1.0,0.0,-0.4736475938810325,-0.1788472481912051,2369.0,94.97952248838604,122.9425
2025-12-16,51.57,45,54,0.0,26.852987833333334,71.2227505,13.124999699999972,2369.0,94.531980749029,123.09,1.0,0.0,-0.2193993281698003,0.2443195699975531,2369.0,94.82047635329867,122.975
2025-12-23,45.6,45,54,,,,,,,,,,,,,,
